company_name,company_id
"Abbott, Hettinger and Sawayn",1
Abbott-Bogan,2
Abbott-Macejkovic,3
Abernathy LLC,4
"Abernathy, Langworth and O'Hara",5
Abshire Inc,6
"Abshire, Huels and Franecki",7
Abshire-Keebler,8
Adams-Abbott,9
"Altenwerth, Ratke and Feest",10
Altenwerth-Breitenberg,11
"Anderson, Ernser and Moore",12
"Anderson, Mayer and Kemmer",13
Ankunding Group,14
"Ankunding, Quigley and Wintheiser",15
Ankunding-Von,16
"Armstrong, Sanford and O'Kon",17
"Auer, Bergnaum and Dietrich",18
"Auer, Ferry and Dicki",19
"Auer, Parisian and Kerluke",20
Auer-Armstrong,21
Bahringer LLC,22
"Bahringer, Mraz and Jast",23
"Bahringer, Padberg and Stoltenberg",24
Bahringer-Donnelly,25
"Bailey, Conroy and Lehner",26
"Bailey, Langosh and Cormier",27
Bailey-Watsica,28
Balistreri and Sons,29
"Balistreri, Yost and Bergnaum",30
Balistreri-Emmerich,31
Balistreri-Hilpert,32
"Barrows, Purdy and Haley",33
"Barrows, Swift and Tillman",34
"Bartell, Mayer and Jones",35
"Barton, Leffler and Friesen",36
"Barton, Rippin and Hand",37
Bashirian Inc,38
Batz LLC,39
Batz-Hodkiewicz,40
Batz-Schmidt,41
Bauch-Schumm,42
Baumbach LLC,43
"Baumbach, Haag and Renner",44
"Baumbach, Nader and Koss",45
"Bayer, Koch and Skiles",46
"Bayer, Little and Feeney",47
Beahan Inc,48
Beahan-Leuschke,49
Beahan-Reichert,50
Beatty LLC,51
"Beatty, Koepp and Raynor",52
"Beatty, Upton and Kuhic",53
Beatty-Ullrich,54
Bechtelar LLC,55
Bechtelar-Beatty,56
Bechtelar-Haley,57
"Becker, Senger and Ward",58
Becker-Cronin,59
Bednar and Sons,60
"Bednar, Hodkiewicz and Feeney",61
"Bednar, Keeling and Tromp",62
Beier-Tillman,63
"Bergstrom, Lind and DuBuque",64
Bins LLC,65
Bins-Predovic,66
Blanda Group,67
Blanda-Douglas,68
Blanda-Johnston,69
"Blick, Sporer and Oberbrunner",70
Blick-Herman,71
Blick-Oberbrunner,72
"Block, Stiedemann and Simonis",73
"Bode, Quigley and Little",74
Bode-Dare,75
Boehm and Sons,76
"Boehm, Abshire and Donnelly",77
"Boehm, Fisher and Torphy",78
"Boehm, Glover and Cartwright",79
"Boehm, Huel and Ondricka",80
"Boehm, Schulist and Goldner",81
Boehm-Daugherty,82
Boehm-Okuneva,83
"Bogan, Kautzer and Kutch",84
"Bogan, O'Connell and Daugherty",85
Bogan-Bogisich,86
Bogan-Champlin,87
Bogisich Inc,88
"Bogisich, Gutmann and Friesen",89
Bogisich-Hermiston,90
"Borer, Lehner and Stanton",91
"Bosco, Greenfelder and Walter",92
"Botsford, Rosenbaum and Koch",93
"Botsford, Towne and Wunsch",94
Botsford-Boyle,95
Botsford-Flatley,96
Botsford-Zemlak,97
Boyer LLC,98
Boyer-Rogahn,99
"Boyle, Legros and Wintheiser",100
"Bradtke, Schaefer and Murazik",101
Brakus LLC,102
"Brakus, Gorczany and Connelly",103
"Brakus, Heller and Beahan",104
Brakus-Ebert,105
Braun Group,106
"Braun, Larkin and Nitzsche",107
"Braun, Mueller and Gutkowski",108
Brekke LLC,109
"Brown, Little and Deckow",110
Brown-Hayes,111
Bruen and Sons,112
Bruen-Ratke,113
Buckridge-Rath,114
"Carter, Vandervort and Welch",115
Carter-Dickens,116
Carter-Erdman,117
Cartwright and Sons,118
"Cartwright, Davis and Reynolds",119
Cartwright-Cremin,120
Casper-Parisian,121
Cassin-Corkery,122
"Champlin, Auer and White",123
Christiansen LLC,124
"Christiansen, Waters and Cormier",125
Christiansen-Lesch,126
Cole LLC,127
"Cole, Price and Hettinger",128
Collier Inc,129
"Collier, Herman and Orn",130
"Collier, Reinger and Murray",131
Collins LLC,132
"Collins, Fay and Lang",133
"Collins, Murphy and Pouros",134
Conn-Abshire,135
Conn-Crist,136
Connelly Group,137
"Connelly, Harber and Lehner",138
Connelly-Runolfsson,139
Connelly-Turner,140
"Conroy, Heller and Gleason",141
"Conroy, Osinski and Ullrich",142
Conroy-Hickle,143
Considine Group,144
"Considine, Bergstrom and Kilback",145
"Considine, Rowe and O'Keefe",146
Considine-Morar,147
"Corkery, Marks and Kertzmann",148
"Corkery, Reynolds and Herman",149
Corkery-Corwin,150
Corkery-Streich,151
Corkery-Treutel,152
Cormier-Denesik,153
Cormier-Kutch,154
Corwin Group,155
Corwin Inc,156
"Corwin, Mayer and Klocko",157
Cremin and Sons,158
"Cremin, Spinka and Dicki",159
"Cremin, Ullrich and Schinner",160
Crist and Sons,161
Cronin LLC,162
Crooks-Streich,163
Cruickshank Inc,164
Cruickshank-Miller,165
Cummerata LLC,166
Cummings and Sons,167
Cummings-Wisozk,168
Daniel LLC,169
"Daniel, Abernathy and O'Connell",170
"Daniel, Baumbach and Shields",171
Dare-Pagac,172
Dare-Rodriguez,173
Dare-Simonis,174
"Daugherty, Hagenes and Kshlerin",175
"Daugherty, Homenick and Dibbert",176
Davis and Sons,177
"Davis, Koelpin and Howe",178
Davis-Kessler,179
Deckow Group,180
"Deckow, Feeney and Bradtke",181
Deckow-Bergnaum,182
Denesik-Fahey,183
Dibbert and Sons,184
"Dickens, Hamill and Pfeffer",185
Dickens-Mohr,186
Dicki-Ratke,187
"Dietrich, McDermott and Williamson",188
Donnelly-Zboncak,189
Dooley LLC,190
"Dooley, Mills and Mosciski",191
Dooley-Crona,192
Dooley-Olson,193
Douglas LLC,194
"Douglas, Gutkowski and Kuphal",195
Doyle and Sons,196
DuBuque-Dickens,197
Durgan LLC,198
"Durgan, Kautzer and Spencer",199
Ebert LLC,200
"Ebert, Hoppe and Hickle",201
"Effertz, Waelchi and Larkin",202
Emmerich Inc,203
"Emmerich, Kuvalis and Aufderhar",204
"Emmerich, O'Kon and Price",205
"Erdman, Carroll and Gaylord",206
"Erdman, Langosh and Johnson",207
"Ernser, Paucek and Heathcote",208
Fadel Inc,209
Fadel LLC,210
"Fadel, Thiel and Stracke",211
Fahey Group,212
Fahey-Heller,213
Farrell Inc,214
Fay Group,215
Fay-Huel,216
Feeney Inc,217
Feeney-Mohr,218
Feest LLC,219
"Feest, Gleason and Stamm",220
Feest-Langworth,221
Feil LLC,222
Feil-VonRueden,223
Ferry Group,224
Ferry LLC,225
"Ferry, Marks and Rolfson",226
"Ferry, Zieme and Harvey",227
Ferry-Hayes,228
Fisher and Sons,229
"Fisher, Gleichner and Beer",230
"Fisher, Wunsch and Connelly",231
Frami LLC,232
"Frami, Cummerata and Hansen",233
Friesen-Lueilwitz,234
Friesen-McDermott,235
"Fritsch, Emard and White",236
"Funk, Hudson and Stoltenberg",237
"Funk, Walter and Franecki",238
Funk-Fritsch,239
Gaylord and Sons,240
"Gaylord, Bednar and Murray",241
Gerhold Group,242
"Gerhold, Boyer and Mayer",243
Gerlach-Grant,244
Gerlach-O'Keefe,245
Gibson Group,246
"Gibson, Bartell and Heidenreich",247
Gibson-Marvin,248
"Gislason, Bergnaum and Lueilwitz",249
"Gislason, Boyer and Kovacek",250
"Gislason, Dickinson and Kessler",251
"Gislason, Mohr and Gusikowski",252
Gislason-Volkman,253
Gleason-Vandervort,254
Glover Group,255
"Glover, Torphy and Terry",256
Glover-Gaylord,257
Goldner and Sons,258
Goldner LLC,259
"Goldner, Osinski and Veum",260
Goldner-Hilpert,261
Goodwin Inc,262
Gorczany LLC,263
Goyette LLC,264
Goyette-D'Amore,265
Goyette-Raynor,266
Grady and Sons,267
"Graham, McCullough and Armstrong",268
Graham-O'Reilly,269
Grant and Sons,270
"Grant, Quigley and Morissette",271
"Green, Collier and Tremblay",272
"Green, Davis and Wiza",273
"Green, Walker and Johns",274
"Greenfelder, Schmeler and Wisozk",275
Greenfelder-Senger,276
Greenholt Group,277
Grimes and Sons,278
Grimes Inc,279
"Grimes, Johnston and Reichel",280
Grimes-Skiles,281
Gusikowski and Sons,282
Gusikowski Group,283
Gusikowski Inc,284
Gusikowski LLC,285
Gusikowski-Larson,286
Gutkowski Inc,287
Gutkowski-Anderson,288
Gutkowski-Lebsack,289
Gutkowski-Rohan,290
"Haag, Gerlach and Dietrich",291
Haag-Zemlak,292
"Hackett, Medhurst and Dare",293
Hagenes and Sons,294
Hagenes LLC,295
"Hagenes, Sauer and Stanton",296
"Hahn, Conroy and Strosin",297
Haley and Sons,298
"Haley, Brakus and Cummings",299
"Haley, Hagenes and Crona",300
"Haley, VonRueden and Schmeler",301
"Haley, Walker and Torphy",302
"Hammes, Little and Wolff",303
"Hammes, Satterfield and Goldner",304
Hane Group,305
Hane-Crona,306
"Hansen, Reinger and Douglas",307
Hansen-Corwin,308
Hansen-Daugherty,309
Harber-Conn,310
Harris Inc,311
"Harris, Ondricka and Pollich",312
Harris-Aufderhar,313
Hartmann Group,314
Hartmann Inc,315
Hauck LLC,316
Hauck-Padberg,317
Heaney Group,318
Heaney LLC,319
Heaney-Doyle,320
Heaney-Gleichner,321
Heaney-Graham,322
Heathcote Inc,323
"Heathcote, O'Conner and Sawayn",324
Hegmann and Sons,325
Heidenreich Group,326
Heidenreich LLC,327
Heller Group,328
Heller-Carroll,329
Herman Inc,330
Herman LLC,331
"Herman, Krajcik and Wuckert",332
Herman-Hintz,333
Herman-Keebler,334
Hermann LLC,335
Hermann-Hammes,336
"Hermiston, Bashirian and Murazik",337
"Herzog, Ullrich and Mraz",338
"Hessel, Kutch and Keebler",339
Hettinger and Sons,340
"Hettinger, Morissette and Schoen",341
Hills LLC,342
Hills-Gerlach,343
Hilpert Group,344
Hilpert LLC,345
"Hilpert, Mertz and O'Hara",346
Hilpert-Cartwright,347
Hilpert-Konopelski,348
Hirthe and Sons,349
Hirthe Inc,350
Hirthe-Johnston,351
Hirthe-Mayert,352
"Hodkiewicz, Brown and Lynch",353
Hoeger and Sons,354
Hoeger Group,355
"Hoeger, Cassin and Bechtelar",356
Hoeger-Kuvalis,357
Homenick-Nitzsche,358
"Hoppe, West and Lindgren",359
Hoppe-Aufderhar,360
Hoppe-Donnelly,361
Hoppe-Hills,362
Howe Inc,363
"Howe, Hamill and Brekke",364
"Howe, Watsica and Mayert",365
Howell and Sons,366
Hudson Group,367
Hudson LLC,368
Huel Group,369
"Huels, Mante and Schamberger",370
Hyatt LLC,371
Hyatt-Spinka,372
Jacobi and Sons,373
Jacobi Group,374
"Jacobi, Buckridge and Thompson",375
"Jacobi, Gibson and Frami",376
"Jacobi, Hilpert and Daugherty",377
"Jacobs, Heaney and Beahan",378
Jacobs-Nolan,379
Jacobson Inc,380
"Jacobson, McGlynn and Blick",381
Jacobson-Hane,382
Jacobson-Murphy,383
Jakubowski Inc,384
Jakubowski-Zieme,385
"Jaskolski, Bednar and Gorczany",386
Jast Inc,387
"Jast, Witting and Yost",388
Jast-Haag,389
Jenkins Group,390
Jerde and Sons,391
Johns and Sons,392
"Johns, Hilll and McCullough",393
Johnson-Jacobs,394
"Johnston, Hettinger and Haley",395
Jones-Hilpert,396
Jones-Murazik,397
"Kassulke, Stanton and Cassin",398
Kautzer and Sons,399
Kautzer-Maggio,400
Keebler-Keebler,401
"Kemmer, Steuber and Murray",402
"Kemmer, Ward and Ortiz",403
Kemmer-Schaden,404
Kerluke Inc,405
"Kerluke, O'Kon and Cummings",406
Kerluke-Koelpin,407
Kerluke-Turner,408
"Kertzmann, Medhurst and Hansen",409
Kertzmann-Lynch,410
Kessler Inc,411
Kessler LLC,412
Kiehn and Sons,413
"Kihn, Kovacek and Mraz",414
"Kihn, Kunze and Von",415
Kihn-Muller,416
Kilback-Feeney,417
Kilback-Wehner,418
Kirlin-Ortiz,419
Kirlin-White,420
"Klein, Bosco and Zemlak",421
"Klein, Hagenes and Yundt",422
Kling Inc,423
Klocko LLC,424
"Klocko, Grady and Nicolas",425
"Klocko, Ritchie and Powlowski",426
Klocko-Schmidt,427
Koch LLC,428
"Koch, Shanahan and D'Amore",429
Koch-Bahringer,430
Koch-Bernier,431
Koch-Tromp,432
Koelpin LLC,433
Koelpin-Jones,434
Koelpin-Okuneva,435
Koepp Group,436
Koepp-Tromp,437
Kohler-Crona,438
Kohler-Goldner,439
Konopelski LLC,440
"Konopelski, Bartell and Dare",441
Konopelski-Price,442
"Koss, Huels and Kautzer",443
"Kozey, Homenick and Hahn",444
Kreiger and Sons,445
Kreiger-Shields,446
Kris-Weber,447
Kshlerin and Sons,448
Kshlerin Group,449
"Kshlerin, Jast and Jast",450
Kshlerin-Kuvalis,451
Kub Group,452
Kub Inc,453
Kub-Crooks,454
Kub-Schowalter,455
Kub-Swaniawski,456
Kuhic LLC,457
"Kuhic, Altenwerth and Legros",458
Kuhic-Kunde,459
Kuhlman and Sons,460
Kuhlman-Rogahn,461
Kuhn Inc,462
"Kuhn, Gerhold and Mayer",463
"Kuhn, Leffler and Watsica",464
"Kuhn, Vandervort and Durgan",465
Kuhn-DuBuque,466
Kulas and Sons,467
Kulas Group,468
"Kulas, Monahan and Jakubowski",469
"Kulas, Vandervort and Koepp",470
Kulas-Smitham,471
"Kunde, Renner and Wiegand",472
Kunze Inc,473
"Kunze, Morissette and Green",474
"Kunze, Waters and Parker",475
Kuphal and Sons,476
"Kuphal, Gorczany and Streich",477
Kutch Group,478
"Kuvalis, Bernier and Stehr",479
"Kuvalis, Stamm and Auer",480
Lakin LLC,481
Lang LLC,482
"Lang, Hermiston and Klein",483
"Lang, Spencer and Harris",484
Lang-Weimann,485
Langworth and Sons,486
"Langworth, Russel and Lindgren",487
Larkin Inc,488
Larkin-Kub,489
"Larson, Thiel and Howell",490
Larson-Bergnaum,491
Larson-Kerluke,492
Larson-O'Reilly,493
Larson-Turner,494
"Leannon, Baumbach and Jaskolski",495
Leannon-Maggio,496
Leannon-Walsh,497
Lebsack-Roob,498
"Ledner, Gerlach and Schmidt",499
Leffler-Hansen,500
Legros-Predovic,501
Lehner LLC,502
Lehner-Abbott,503
Lemke Inc,504
"Lemke, Simonis and Wisoky",505
Lemke-Gutkowski,506
Lesch and Sons,507
Lesch Group,508
"Leuschke, Keeling and Feeney",509
"Leuschke, Sauer and Braun",510
Leuschke-Koelpin,511
Lind Inc,512
"Lindgren, Lowe and Kutch",513
Lindgren-Crist,514
Lindgren-Hettinger,515
Littel Inc,516
"Littel, Heathcote and Lind",517
Little Inc,518
"Little, Bahringer and Rolfson",519
"Little, Kiehn and Green",520
Little-Reinger,521
Lockman and Sons,522
"Lockman, Beatty and West",523
Lockman-Gutmann,524
Lowe LLC,525
Lowe-Sawayn,526
"Lubowitz, Bailey and Cruickshank",527
Lubowitz-Hartmann,528
Lubowitz-Marvin,529
Lueilwitz Group,530
Luettgen-Bednar,531
Luettgen-Block,532
"Lynch, Beatty and Hermiston",533
"Lynch, Heathcote and Johns",534
Macejkovic Inc,535
MacGyver-Hodkiewicz,536
MacGyver-Raynor,537
"Maggio, Langosh and Cruickshank",538
Mann Inc,539
Mante Group,540
Mante Inc,541
Mante LLC,542
Mante-Kuvalis,543
"Marks, Konopelski and Haley",544
"Marks, Willms and West",545
Marks-Brekke,546
Marquardt Inc,547
Marvin Group,548
Mayert Inc,549
McClure Group,550
McClure-Ward,551
McCullough LLC,552
"McCullough, Pollich and Franecki",553
"McCullough, Ward and Price",554
McDermott and Sons,555
"McGlynn, Boyle and Schumm",556
"McGlynn, Hermiston and Vandervort",557
McKenzie and Sons,558
McKenzie LLC,559
"McKenzie, Spencer and Johnston",560
McKenzie-Armstrong,561
McKenzie-Grimes,562
McLaughlin Inc,563
McLaughlin LLC,564
"McLaughlin, Weissnat and Shanahan",565
Medhurst-Emmerich,566
Mertz LLC,567
Mertz-Dibbert,568
Miller and Sons,569
Miller Inc,570
Miller-Quigley,571
Miller-Swift,572
Miller-Witting,573
Mills LLC,574
"Mills, Dickens and Grady",575
"Mills, Wisozk and O'Hara",576
Mitchell-Sanford,577
Mitchell-West,578
Mohr-Macejkovic,579
Monahan Inc,580
Monahan LLC,581
"Monahan, Homenick and Ryan",582
Moore LLC,583
"Moore, Dooley and Douglas",584
Moore-Powlowski,585
"Morar, Rosenbaum and Hand",586
Morissette Inc,587
"Morissette, Bahringer and Quitzon",588
"Morissette, Beier and Torp",589
"Morissette, Huel and Parker",590
"Morissette, Mante and Champlin",591
Morissette-Beer,592
"Mosciski, Weissnat and Schultz",593
Mosciski-Carroll,594
"Mraz, Franecki and Considine",595
Murazik Group,596
Murphy Inc,597
"Murphy, Lueilwitz and Ryan",598
"Murray, Orn and Jacobi",599
Nader and Sons,600
Nicolas-Effertz,601
Nicolas-Schneider,602
"Nikolaus, Grant and Little",603
"Nikolaus, Jacobson and Buckridge",604
"Nikolaus, Torp and West",605
Nikolaus-Kozey,606
Nikolaus-O'Kon,607
Nitzsche and Sons,608
Nitzsche Group,609
"Nitzsche, Herman and Fritsch",610
Nitzsche-Dietrich,611
Nolan LLC,612
"Nolan, Cronin and Bechtelar",613
Nolan-Kovacek,614
"O'Connell, Ziemann and Satterfield",615
O'Conner LLC,616
"O'Conner, Mosciski and Flatley",617
O'Conner-Bechtelar,618
O'Conner-Gulgowski,619
O'Conner-McKenzie,620
O'Hara Group,621
"O'Hara, Medhurst and Berge",622
O'Keefe LLC,623
"O'Keefe, Koepp and Bailey",624
"O'Kon, Little and Prosacco",625
Okuneva Group,626
Okuneva LLC,627
"Okuneva, Feeney and Cummerata",628
Okuneva-Luettgen,629
Olson and Sons,630
Olson-Boehm,631
O'Reilly LLC,632
"O'Reilly, Bogisich and Sanford",633
O'Reilly-Will,634
"Orn, Hills and Luettgen",635
Orn-Robel,636
"Ortiz, Olson and MacGyver",637
Osinski and Sons,638
Osinski Group,639
Padberg-Huel,640
Pagac-Fadel,641
"Parisian, Fritsch and Mosciski",642
Parker-Farrell,643
Paucek LLC,644
"Paucek, Brown and Will",645
"Paucek, Tromp and Lindgren",646
Pfannerstill and Sons,647
"Pfannerstill, Bogisich and Becker",648
Pfannerstill-Morar,649
Pfeffer-Gerhold,650
"Pouros, Tremblay and Wolf",651
Pouros-Christiansen,652
Powlowski Inc,653
Price and Sons,654
Price Group,655
"Price, Daniel and Weissnat",656
Prohaska Group,657
Prohaska Inc,658
Prohaska LLC,659
"Prohaska, Effertz and Botsford",660
"Prohaska, Schumm and Denesik",661
Prohaska-Dicki,662
Prohaska-Langosh,663
Prosacco-Deckow,664
Prosacco-Ortiz,665
"Purdy, Runolfsdottir and Upton",666
Purdy-Wiza,667
Quigley Inc,668
"Quigley, Pfeffer and Hintz",669
Quitzon Inc,670
Quitzon LLC,671
"Quitzon, Conn and Kling",672
"Rath, Schmeler and Gerlach",673
"Rath, Schowalter and Kautzer",674
Rath-O'Kon,675
Ratke-Shanahan,676
Ratke-Toy,677
"Rau, Doyle and Spinka",678
Raynor-Beer,679
Reichel and Sons,680
Reichel Inc,681
Reichel LLC,682
"Reichel, Lind and Metz",683
Reichert-Labadie,684
Reilly Group,685
Reilly-King,686
Reilly-Moore,687
Reilly-Swift,688
Reilly-Turcotte,689
"Reinger, Pfeffer and Bergstrom",690
Rempel and Sons,691
"Rempel, Moore and Monahan",692
"Rempel, Schumm and Ruecker",693
Rempel-Anderson,694
Rempel-Becker,695
Renner and Sons,696
Reynolds and Sons,697
"Reynolds, Hayes and Hoppe",698
Reynolds-Wisoky,699
Rice and Sons,700
"Rice, Bailey and Ledner",701
"Rice, Casper and Walter",702
"Ritchie, Wehner and Torp",703
Robel-Kihn,704
Roberts-Kovacek,705
Rodriguez and Sons,706
Rodriguez Group,707
"Rodriguez, Mertz and Collier",708
"Rogahn, Weber and Dooley",709
Rogahn-Marks,710
Rohan Group,711
Rohan Inc,712
"Rohan, Hand and Balistreri",713
Rolfson and Sons,714
"Rolfson, Hettinger and Purdy",715
Romaguera-Stehr,716
Roob-Crist,717
Roob-Reichert,718
Rosenbaum Inc,719
"Rosenbaum, Adams and Rempel",720
Rosenbaum-Hegmann,721
"Ruecker, Bruen and Beer",722
"Ruecker, Orn and Dooley",723
Ruecker-Hackett,724
"Runolfsson, Gaylord and Morar",725
Runolfsson-Harvey,726
"Runte, Hermiston and Mueller",727
Russel Group,728
Russel Inc,729
"Russel, Kshlerin and Cummings",730
Russel-Zieme,731
Rutherford and Sons,732
Rutherford Group,733
Rutherford LLC,734
"Rutherford, Powlowski and Bayer",735
Rutherford-Pacocha,736
Ryan Group,737
"Ryan, Gibson and Schaden",738
"Ryan, McKenzie and Schroeder",739
Ryan-Powlowski,740
"Sanford, Price and Frami",741
"Sanford, Stroman and Turcotte",742
Satterfield Inc,743
"Satterfield, Gerlach and Will",744
Satterfield-Huel,745
"Sauer, Hackett and Nikolaus",746
"Sauer, Maggio and Schulist",747
Sauer-Anderson,748
"Sawayn, Rau and Weimann",749
Sawayn-Rowe,750
Sawayn-Wolf,751
Schaden LLC,752
"Schaden, Shields and Mitchell",753
Schaefer Inc,754
"Schaefer, Haag and Torp",755
"Schaefer, McGlynn and Schmitt",756
"Schaefer, Nicolas and McKenzie",757
"Schaefer, Schmidt and Haley",758
Schamberger and Sons,759
"Schamberger, Bahringer and Barton",760
Schiller and Sons,761
Schiller Group,762
Schiller Inc,763
"Schiller, Casper and Kohler",764
Schiller-Blanda,765
Schiller-Braun,766
Schiller-Kiehn,767
Schiller-Torp,768
"Schmeler, Senger and Shields",769
Schmeler-Langworth,770
Schmidt Inc,771
"Schmidt, Davis and Quitzon",772
Schmidt-Brown,773
"Schneider, Murray and O'Kon",774
"Schneider, Veum and Zulauf",775
Schneider-Schmidt,776
Schowalter-Rempel,777
Schroeder and Sons,778
"Schroeder, Schroeder and Krajcik",779
Schroeder-Lehner,780
Schulist LLC,781
"Schulist, Kessler and Champlin",782
Schulist-Stark,783
Schulist-Wilkinson,784
Schultz Group,785
"Schultz, Keebler and Harris",786
Schultz-Stehr,787
"Schumm, Bailey and Medhurst",788
Schumm-Shields,789
Schuppe LLC,790
Schuppe-Hudson,791
Schuppe-Steuber,792
Schuppe-Toy,793
Schuster and Sons,794
Senger and Sons,795
"Senger, Wunsch and Powlowski",796
Shanahan and Sons,797
"Shanahan, Moore and Davis",798
"Shanahan, Mueller and Cronin",799
Shanahan-Hansen,800
Shanahan-Murazik,801
Shields Group,802
"Shields, Smith and Okuneva",803
Simonis and Sons,804
Simonis Group,805
"Simonis, Durgan and Streich",806
"Simonis, Kub and Carter",807
"Sipes, Hilll and McKenzie",808
Skiles-Haag,809
Smith Inc,810
Spencer Group,811
"Spencer, Doyle and Christiansen",812
Spencer-Halvorson,813
Spencer-Hand,814
Spencer-O'Hara,815
"Spinka, Nolan and Herzog",816
Sporer Group,817
Sporer Inc,818
"Sporer, Fahey and Kunze",819
Stamm Inc,820
Stamm LLC,821
Stamm-Connelly,822
Stanton Group,823
"Stanton, Hickle and Ratke",824
Stanton-Dicki,825
Stark LLC,826
"Stark, Lang and Cruickshank",827
"Stark, Toy and Kuhlman",828
Stehr-Collins,829
Stehr-Herman,830
Stehr-Morissette,831
Stehr-Nikolaus,832
Steuber Inc,833
Steuber-Fadel,834
Steuber-Grant,835
Steuber-Hills,836
Stiedemann LLC,837
Stokes Group,838
Stokes Inc,839
Stokes LLC,840
"Stokes, Dibbert and Ferry",841
"Stokes, Rowe and Oberbrunner",842
Stracke Inc,843
"Stracke, Kris and Feest",844
"Stracke, Stoltenberg and Kessler",845
Streich Group,846
Streich-Jacobi,847
Stroman and Sons,848
"Stroman, Hilpert and Gislason",849
Strosin LLC,850
"Strosin, Dickens and Halvorson",851
Strosin-Marks,852
Swaniawski and Sons,853
Swaniawski Group,854
Swaniawski Inc,855
Swaniawski LLC,856
Swift and Sons,857
Swift Group,858
Swift LLC,859
Swift-Hagenes,860
Terry-Kozey,861
Thiel Inc,862
"Thiel, Hettinger and Schmeler",863
Thiel-Block,864
Thompson Inc,865
"Thompson, Bernier and Reichel",866
Tillman Inc,867
Tillman-Witting,868
"Torphy, Thompson and Kutch",869
Torphy-Breitenberg,870
Torphy-Spinka,871
Towne Group,872
Towne Inc,873
"Towne, McClure and Rohan",874
"Towne, Schowalter and Schimmel",875
Toy-Hamill,876
"Trantow, Block and Wintheiser",877
"Trantow, Gibson and Daniel",878
Tremblay-Johns,879
Treutel and Sons,880
"Treutel, Fay and Goldner",881
Tromp-Pagac,882
Tromp-Torphy,883
Turcotte Inc,884
"Turcotte, Crona and Herman",885
"Turcotte, Schneider and Beatty",886
"Turcotte, Walsh and Williamson",887
"Turner, Schmeler and Okuneva",888
Turner-Walker,889
Ullrich Group,890
Ullrich LLC,891
"Upton, Padberg and Hickle",892
Vandervort and Sons,893
"Vandervort, Lockman and Tremblay",894
Veum LLC,895
Volkman LLC,896
Volkman-Gleichner,897
Volkman-McGlynn,898
Von-Lueilwitz,899
"VonRueden, Fritsch and Schuster",900
Waelchi Inc,901
"Waelchi, Barrows and Wolf",902
Waelchi-Yundt,903
"Walker, Marquardt and Lindgren",904
"Walker, Wiegand and Hackett",905
"Walsh, Predovic and Lemke",906
Walsh-Bahringer,907
Walsh-Osinski,908
"Walter, Daugherty and Vandervort",909
"Walter, Jacobson and Beatty",910
"Walter, McGlynn and Borer",911
Ward Inc,912
Ward LLC,913
Watsica Inc,914
"Watsica, Wolff and Simonis",915
"Weber, Haag and Bosco",916
"Weber, Skiles and Hammes",917
Weber-West,918
Wehner Inc,919
"Wehner, Harvey and Leffler",920
Wehner-Mayert,921
Weimann and Sons,922
Weimann Group,923
"Weimann, Fritsch and Raynor",924
"Weissnat, Denesik and Parker",925
Welch and Sons,926
Welch-Corwin,927
Welch-Gerhold,928
"West, Bernier and Baumbach",929
West-Johns,930
White-Kuhlman,931
White-Schinner,932
"Wiegand, Beier and Marks",933
Wilderman LLC,934
Wilderman-Romaguera,935
Wilkinson-Tromp,936
Will-Green,937
Williamson and Sons,938
Willms-Legros,939
"Windler, Jenkins and Hauck",940
Wintheiser Inc,941
Wintheiser-Hintz,942
Wisoky-Kerluke,943
Wisoky-Klein,944
Wisoky-Orn,945
Wisozk and Sons,946
"Wisozk, Sanford and Koelpin",947
"Witting, Kub and Anderson",948
Witting-Bayer,949
"Wiza, Hodkiewicz and Collier",950
Wolf Group,951
Wolff Inc,952
Wolff LLC,953
"Wolff, Marvin and Koepp",954
Wolff-Conn,955
Wolf-Mitchell,956
Wolf-Schmitt,957
"Wuckert, Conn and Waelchi",958
Wunsch Inc,959
Yost Group,960
Yundt-Waelchi,961
Zboncak Group,962
"Zboncak, Dooley and Glover",963
Zboncak-Barrows,964
"Zemlak, Daniel and Schmitt",965
"Zemlak, Smith and Bednar",966
"Zemlak, Will and Robel",967
"Ziemann, Stroman and Ruecker",968
Zulauf Inc,969
