contact_id,first_name,last_name,email,job_title_id,company_id
1,Siward,Matula,smatula0@usnews.com,148,237
2,Dario,Morley,dmorley1@wordpress.com,48,365
3,Robinetta,Rands,rrands2@salon.com,181,302
4,Tremaine,Tullis,ttullis3@ucla.edu,102,191
5,Arie,Castellini,acastellini4@yellowpages.com,106,92
6,Terencio,Dorot,tdorot5@reddit.com,40,183
7,Guthrie,Sockell,gsockell6@sogou.com,22,336
8,Corrinne,Cowterd,ccowterd7@1und1.de,22,86
9,Redd,Blackaller,rblackaller8@uol.com.br,107,695
10,Grantley,Marriage,gmarriage9@un.org,144,84
11,Francoise,Philipp,fphilippa@t-online.de,110,593
12,Valene,Learmont,vlearmontb@huffingtonpost.com,91,42
13,Penelope,Cossentine,pcossentinec@stumbleupon.com,20,503
14,Maynard,Gulliford,mgullifordd@ocn.ne.jp,178,609
15,Daffi,Dartan,ddartane@spiegel.de,96,833
16,Kimbra,Gullyes,kgullyesf@ameblo.jp,91,577
17,Renate,Alison,ralisong@ustream.tv,141,582
18,Nathalie,Widdecombe,nwiddecombeh@epa.gov,125,755
19,Kassey,Gallaccio,kgallaccioi@clickbank.net,149,827
20,Sandye,Keyhoe,skeyhoej@bizjournals.com,163,352
21,Devora,Arthy,darthyk@blog.com,6,193
22,Britt,Bulfoot,bbulfootl@geocities.com,148,413
23,Prent,Klugel,pklugelm@pcworld.com,151,235
24,Maria,Mulran,mmulrann@sohu.com,184,176
25,Mervin,Hodgins,mhodginso@pbs.org,149,933
26,Georgia,Leathwood,gleathwoodp@dot.gov,83,669
27,Jessee,Batt,jbattq@studiopress.com,161,795
28,Lazare,Byng,lbyngr@ca.gov,38,475
29,Orland,McMillan,omcmillans@usnews.com,141,257
30,Mildrid,Kier,mkiert@deviantart.com,48,29
31,Domini,De La Haye,ddelahayeu@seattletimes.com,24,153
32,Rodolfo,Cryer,rcryerv@bizjournals.com,80,828
33,Alisha,Tink,atinkw@hibu.com,105,687
34,Jeanna,Steiner,jsteinerx@hugedomains.com,68,198
35,Whitaker,Casaro,wcasaroy@phpbb.com,40,761
36,Starr,Buckenhill,sbuckenhillz@discovery.com,176,625
37,Hali,Longhorne,hlonghorne10@forbes.com,114,206
38,Corny,Kienzle,ckienzle11@lycos.com,42,3
39,Fanchon,Boyett,fboyett12@hatena.ne.jp,141,527
40,Merrily,Jain,mjain13@tuttocitta.it,103,161
41,Mark,Larret,mlarret14@toplist.cz,92,35
42,Carma,Buney,cbuney15@mtv.com,123,719
43,Ilka,Seiter,iseiter16@miibeian.gov.cn,103,793
44,Baillie,Threader,bthreader17@hp.com,174,430
45,Anna-diana,Leaburn,aleaburn18@vkontakte.ru,20,387
46,Norry,Lukasik,nlukasik19@rambler.ru,104,785
47,Mirelle,Jouhning,mjouhning1a@bluehost.com,158,645
48,Virge,Abberley,vabberley1b@webnode.com,54,969
49,Averell,Muge,amuge1c@webeden.co.uk,90,775
50,Keenan,Tanby,ktanby1d@blog.com,71,664
51,Sofie,Andresser,sandresser1e@yolasite.com,180,8
52,Giana,Drewe,gdrewe1f@php.net,181,886
53,Evey,Finkle,efinkle1g@theguardian.com,82,223
54,Rosene,Fryett,rfryett1h@alexa.com,55,103
55,Dalston,Week,dweek1i@woothemes.com,91,760
56,Jeanelle,Maryan,jmaryan1j@cbc.ca,80,81
57,Roslyn,Suscens,rsuscens1k@nbcnews.com,174,570
58,Rolfe,Chinn,rchinn1l@nbcnews.com,58,647
59,Flore,Huccaby,fhuccaby1m@goo.gl,70,242
60,Angy,Ritchley,aritchley1n@google.es,54,492
61,Carlos,Tasseler,ctasseler1o@jiathis.com,22,908
62,Lydie,Vern,lvern1p@jugem.jp,14,99
63,Reeva,Burtwhistle,rburtwhistle1q@theguardian.com,134,960
64,Tess,Bechley,tbechley1r@bluehost.com,3,805
65,Bertha,Earthfield,bearthfield1s@liveinternet.ru,118,800
66,Neils,Morrowe,nmorrowe1t@cbc.ca,145,735
67,Emelda,Kemmer,ekemmer1u@people.com.cn,42,188
68,Loretta,Strute,lstrute1v@columbia.edu,149,884
69,Sapphire,Jolliman,sjolliman1w@washington.edu,2,646
70,Vinny,Rossiter,vrossiter1x@people.com.cn,78,156
71,Olva,Rippen,orippen1y@last.fm,120,476
72,Godwin,Corteney,gcorteney1z@usgs.gov,44,462
73,Craig,Passler,cpassler20@wordpress.com,171,673
74,Neel,Briskey,nbriskey21@mtv.com,40,361
75,Tootsie,Napier,tnapier22@liveinternet.ru,122,535
76,Claudio,Axcel,caxcel23@geocities.jp,23,208
77,Guillaume,Munton,gmunton24@elegantthemes.com,126,642
78,Lori,Mackison,lmackison25@fastcompany.com,77,769
79,Dru,Wyndham,dwyndham26@prnewswire.com,185,737
80,Clim,Snook,csnook27@ifeng.com,9,378
81,Irita,McCullum,imccullum28@cmu.edu,28,844
82,Duff,O'Carroll,docarroll29@admin.ch,106,572
83,Alexine,Ren,aren2a@opensource.org,47,516
84,Lyndsay,Kubica,lkubica2b@bravesites.com,84,465
85,Luther,Cicconetti,lcicconetti2c@auda.org.au,63,757
86,Hannah,Edmonds,hedmonds2d@mit.edu,39,143
87,Ricki,Philpault,rphilpault2e@bloomberg.com,84,542
88,Rosy,Jest,rjest2f@vimeo.com,51,653
89,Yurik,Brookes,ybrookes2g@amazon.com,157,620
90,Andie,MacNalley,amacnalley2h@youtube.com,12,619
91,Wendi,Pencott,wpencott2i@lycos.com,48,902
92,Gunar,Doud,gdoud2j@gravatar.com,163,412
93,Denis,Nassie,dnassie2k@shop-pro.jp,146,337
94,Dionysus,Pfiffer,dpfiffer2l@mac.com,47,514
95,Silvia,Wildman,swildman2m@salon.com,54,761
96,Darin,Bowick,dbowick2n@friendfeed.com,22,872
97,Jewelle,Ensley,jensley2o@last.fm,156,340
98,Silvan,Gabits,sgabits2p@va.gov,90,482
99,Lesley,Cumes,lcumes2q@fda.gov,95,58
100,Mickey,Gorwood,mgorwood2r@mediafire.com,110,230
101,Danica,Bloomfield,dbloomfield2s@storify.com,144,61
102,Eugenio,Dunham,edunham2t@mapquest.com,87,72
103,Giselbert,Lammin,glammin2u@fema.gov,46,542
104,Jeromy,Seneschal,jseneschal2v@google.com,65,794
105,Romy,Charette,rcharette2w@oracle.com,103,652
106,Blayne,Joutapaitis,bjoutapaitis2x@berkeley.edu,67,876
107,Tobey,Kenset,tkenset2y@webnode.com,66,347
108,Caron,Halshaw,chalshaw2z@dailymotion.com,127,965
109,Yorker,Pourvoieur,ypourvoieur30@patch.com,174,70
110,Consuela,McPhelimey,cmcphelimey31@youku.com,23,282
111,Bernardina,Delamaine,bdelamaine32@sciencedirect.com,20,676
112,Barnebas,Bog,bbog33@google.de,144,167
113,Tillie,Rafferty,trafferty34@tuttocitta.it,178,684
114,Jonathon,Farrin,jfarrin35@cocolog-nifty.com,35,927
115,Gawain,Thow,gthow36@answers.com,125,754
116,Latrena,Cookley,lcookley37@shutterfly.com,70,728
117,Amanda,O'Keevan,aokeevan38@ft.com,94,105
118,Dulcea,Drinkale,ddrinkale39@blogger.com,59,322
119,Frasco,Goodlatt,fgoodlatt3a@ask.com,141,408
120,Son,Chafer,schafer3b@google.pl,95,275
121,Phillipe,Robun,probun3c@shutterfly.com,60,245
122,Marla,Guyers,mguyers3d@comsenz.com,71,415
123,Dominique,Tamburi,dtamburi3e@pen.io,172,196
124,Gardener,Pautot,gpautot3f@comcast.net,88,783
125,Neddy,Vinau,nvinau3g@discuz.net,55,285
126,Arlan,Akett,aakett3h@moonfruit.com,90,429
127,Mehetabel,Guirau,mguirau3i@g.co,176,457
128,Montague,Semonin,msemonin3j@uiuc.edu,128,738
129,Shanie,Lansberry,slansberry3k@bbc.co.uk,174,846
130,Briano,Meedendorpe,bmeedendorpe3l@deviantart.com,92,811
131,Emmit,Goolden,egoolden3m@moonfruit.com,25,138
132,Tad,Boden,tboden3n@census.gov,77,284
133,Giustina,Vecard,gvecard3o@google.ru,143,837
134,Vasilis,Hammant,vhammant3p@techcrunch.com,65,551
135,Nathan,Neicho,nneicho3q@mediafire.com,46,301
136,Katerine,Bust,kbust3r@domainmarket.com,40,109
137,Lela,Mattys,lmattys3s@51.la,42,410
138,Peri,Paszak,ppaszak3t@indiegogo.com,128,677
139,Matthias,Guys,mguys3u@ebay.com,66,892
140,Petronia,McAuslene,pmcauslene3v@cornell.edu,48,791
141,Opaline,Housley,ohousley3w@squidoo.com,142,32
142,Dietrich,Lemasney,dlemasney3x@hp.com,81,112
143,Gennifer,Joinson,gjoinson3y@sun.com,130,666
144,Aline,Jansik,ajansik3z@loc.gov,94,326
145,Anatollo,Bourdel,abourdel40@wikipedia.org,170,225
146,Davy,Barwick,dbarwick41@gravatar.com,146,198
147,Robyn,Lude,rlude42@pagesperso-orange.fr,131,186
148,Chilton,Smidmor,csmidmor43@networkadvertising.org,145,824
149,Sybyl,Palphramand,spalphramand44@icio.us,121,877
150,Hester,Boak,hboak45@nsw.gov.au,67,393
151,Minda,Count,mcount46@digg.com,41,776
152,Atalanta,Robley,arobley47@techcrunch.com,96,918
153,Corrie,Abrahams,cabrahams48@bluehost.com,182,13
154,Goober,Pedycan,gpedycan49@europa.eu,82,259
155,Alberta,Backes,abackes4a@squidoo.com,42,925
156,Ambrosius,Murt,amurt4b@topsy.com,16,31
157,Cissiee,Simmonds,csimmonds4c@wordpress.org,80,741
158,Christel,Peatheyjohns,cpeatheyjohns4d@hao123.com,141,850
159,Dolores,Fryers,dfryers4e@tmall.com,177,873
160,Viva,Hathorn,vhathorn4f@example.com,147,767
161,Poul,Rusling,prusling4g@dagondesign.com,171,674
162,Dion,Mangenot,dmangenot4h@networkadvertising.org,148,537
163,Bartolemo,Ravenshear,bravenshear4i@cpanel.net,50,868
164,Debee,Ough,dough4j@chicagotribune.com,78,569
165,Felix,Trammel,ftrammel4k@fastcompany.com,37,470
166,Allix,Stearndale,astearndale4l@goodreads.com,89,858
167,Petunia,Serjeant,pserjeant4m@nytimes.com,72,304
168,Kaylyn,Livzey,klivzey4n@ebay.co.uk,76,958
169,Elliott,Larchiere,elarchiere4o@google.es,173,397
170,Betta,Keller,bkeller4p@china.com.cn,26,144
171,Korry,Matton,kmatton4q@illinois.edu,142,471
172,Jerrine,Kinnier,jkinnier4r@ibm.com,20,24
173,Mitchel,Viegas,mviegas4s@webnode.com,115,63
174,Loydie,Yourell,lyourell4t@house.gov,133,154
175,Roseanna,Deans,rdeans4u@furl.net,89,621
176,Wendi,Robilliard,wrobilliard4v@studiopress.com,113,575
177,Parsifal,Ivison,pivison4w@pbs.org,69,817
178,Loni,Erington,lerington4x@scientificamerican.com,98,682
179,Kimball,Mattessen,kmattessen4y@ocn.ne.jp,113,417
180,Fae,Ryles,fryles4z@arstechnica.com,40,147
181,Maiga,Gaynesford,mgaynesford50@telegraph.co.uk,129,155
182,Evvy,Merman,emerman51@alexa.com,72,788
183,Kelsi,Whittuck,kwhittuck52@woothemes.com,25,730
184,Brunhilda,Andrys,bandrys53@reddit.com,59,704
185,Cassey,Spire,cspire54@virginia.edu,37,589
186,Leena,Kahane,lkahane55@cbslocal.com,82,913
187,Omero,Lutman,olutman56@sphinn.com,178,295
188,Ibrahim,Boissier,iboissier57@geocities.jp,141,205
189,Murial,Simcock,msimcock58@comcast.net,140,163
190,Kenon,Syme,ksyme59@mapquest.com,112,697
191,Patsy,Cabrer,pcabrer5a@imdb.com,135,459
192,Gwendolin,Svanetti,gsvanetti5b@storify.com,47,455
193,Seamus,Branchflower,sbranchflower5c@nba.com,96,165
194,Dido,Breheny,dbreheny5d@hc360.com,138,395
195,Gardener,Kitchinghan,gkitchinghan5e@census.gov,101,923
196,Bord,Ayre,bayre5f@moonfruit.com,92,80
197,Vail,Upham,vupham5g@sfgate.com,144,942
198,Sorcha,Crate,scrate5h@zimbio.com,148,881
199,Melania,Shropshire,mshropshire5i@tamu.edu,112,944
200,Judye,Powter,jpowter5j@pinterest.com,131,265
201,Bria,Brion,bbrion5k@senate.gov,142,192
202,Quill,Trengrouse,qtrengrouse5l@google.com.br,178,720
203,James,Davidsohn,jdavidsohn5m@cbc.ca,177,453
204,Christophorus,Rangall,crangall5n@artisteer.com,94,469
205,Emmye,Ivanishev,eivanishev5o@rediff.com,174,2
206,Baily,Scanlin,bscanlin5p@sciencedirect.com,166,941
207,Rosette,Stiller,rstiller5q@skyrock.com,23,428
208,Henriette,Skillings,hskillings5r@tripod.com,130,221
209,Leanor,Habron,lhabron5s@buzzfeed.com,43,517
210,Briana,Stutte,bstutte5t@google.pl,110,756
211,Tana,Jaume,tjaume5u@walmart.com,164,396
212,Connie,Jozaitis,cjozaitis5v@wsj.com,106,749
213,Misti,O'Mannion,momannion5w@scientificamerican.com,94,513
214,Tomasine,Wortley,twortley5x@discuz.net,184,605
215,Jermayne,Gover,jgover5y@ameblo.jp,128,630
216,Britta,Hatherleigh,bhatherleigh5z@statcounter.com,136,281
217,Hewitt,Groucock,hgroucock60@g.co,137,113
218,Winslow,McInnery,wmcinnery61@zimbio.com,60,422
219,Darby,Branch,dbranch62@slate.com,59,594
220,Ignaz,Pochet,ipochet63@vimeo.com,42,803
221,Jedidiah,Kinglake,jkinglake64@home.pl,35,557
222,Clemmie,Wyeld,cwyeld65@blogtalkradio.com,57,21
223,Grannie,Faulder,gfaulder66@studiopress.com,16,941
224,Burtie,Whitcombe,bwhitcombe67@altervista.org,48,307
225,Clint,Durman,cdurman68@blinklist.com,130,128
226,Heather,Britland,hbritland69@nba.com,14,506
227,Harvey,Andrat,handrat6a@google.com,96,96
228,Clementia,Garrelts,cgarrelts6b@wp.com,77,312
229,Beniamino,Jocic,bjocic6c@weebly.com,36,946
230,Jakie,Bruun,jbruun6d@xing.com,165,11
231,Annemarie,Widdocks,awiddocks6e@topsy.com,6,133
232,Elbertina,Smorfit,esmorfit6f@github.io,146,467
233,Beau,Busfield,bbusfield6g@spotify.com,142,508
234,Royal,Lowensohn,rlowensohn6h@yahoo.com,142,116
235,Mignonne,Cleary,mcleary6i@amazonaws.com,113,434
236,Donnie,Menchenton,dmenchenton6j@livejournal.com,173,364
237,Nikola,Felgate,nfelgate6k@comsenz.com,9,107
238,Danella,Nuttey,dnuttey6l@creativecommons.org,112,554
239,Huntington,Moubray,hmoubray6m@eepurl.com,140,834
240,Wilow,Logsdail,wlogsdail6n@craigslist.org,28,197
241,Tedda,Brandacci,tbrandacci6o@hexun.com,19,955
242,Catha,Cattini,ccattini6p@washingtonpost.com,184,914
243,Ami,Dowd,adowd6q@chronoengine.com,104,860
244,Florri,Sharp,fsharp6r@reverbnation.com,2,83
245,Maddy,Angove,mangove6s@skyrock.com,31,571
246,Matthus,Betty,mbetty6t@chronoengine.com,95,187
247,Elisha,Shatliff,eshatliff6u@thetimes.co.uk,93,190
248,Taddeo,Gehrts,tgehrts6v@scientificamerican.com,47,179
249,Karlotte,Harefoot,kharefoot6w@accuweather.com,104,934
250,Jolee,Rowesby,jrowesby6x@mit.edu,55,136
251,Harriette,Fawdry,hfawdry6y@wikia.com,80,227
252,Clywd,Narbett,cnarbett6z@wordpress.com,50,157
253,Sherilyn,Klewer,sklewer70@biglobe.ne.jp,52,705
254,Glennis,Husher,ghusher71@nps.gov,177,117
255,Gabie,Mc Meekan,gmcmeekan72@live.com,132,710
256,Berty,Sheardown,bsheardown73@newyorker.com,127,448
257,Deina,Friar,dfriar74@jigsy.com,164,316
258,Gladi,Waind,gwaind75@themeforest.net,65,345
259,Willabella,Wolverson,wwolverson76@eepurl.com,111,371
260,Darelle,Spadollini,dspadollini77@tuttocitta.it,96,654
261,Bjorn,Bransden,bbransden78@weibo.com,177,64
262,Aurie,Tregonna,atregonna79@scientificamerican.com,17,483
263,Sutton,Skillanders,sskillanders7a@netvibes.com,42,789
264,Georgie,Greally,ggreally7b@noaa.gov,79,409
265,Allison,Reagan,areagan7c@hud.gov,112,566
266,Adi,Charlo,acharlo7d@eventbrite.com,119,851
267,Ingmar,Stonbridge,istonbridge7e@google.com.au,141,348
268,Idalia,Birk,ibirk7f@zimbio.com,74,435
269,Euell,Trustey,etrustey7g@ucoz.ru,65,846
270,Corene,Meeke,cmeeke7h@taobao.com,135,52
271,Leon,Manna,lmanna7i@zimbio.com,138,633
272,Sabina,Spragg,sspragg7j@cam.ac.uk,42,727
273,Rance,Geddis,rgeddis7k@ycombinator.com,148,885
274,Lion,Oakeshott,loakeshott7l@reverbnation.com,174,180
275,Ashla,Monkton,amonkton7m@arizona.edu,161,904
276,Casi,Covet,ccovet7n@archive.org,143,88
277,Cybil,Moresby,cmoresby7o@youtu.be,54,53
278,Case,Welland,cwelland7p@tuttocitta.it,178,292
279,Emmy,Gulberg,egulberg7q@sun.com,1,859
280,Clemence,Rochell,crochell7r@furl.net,60,481
281,Yetty,Pittle,ypittle7s@redcross.org,161,360
282,Norine,Keeling,nkeeling7t@time.com,158,140
283,Erhart,Toyne,etoyne7u@hud.gov,169,391
284,Bree,Bovaird,bbovaird7v@histats.com,50,559
285,Ashlin,Joselson,ajoselson7w@seesaa.net,5,60
286,Tiphany,Doey,tdoey7x@buzzfeed.com,129,449
287,Clotilda,Caulkett,ccaulkett7y@mit.edu,25,148
288,Clareta,Tootal,ctootal7z@chicagotribune.com,5,184
289,Natty,Baszniak,nbaszniak80@desdev.cn,177,768
290,Sol,Bellamy,sbellamy81@google.de,42,919
291,Sabrina,Crinkley,scrinkley82@amazon.co.jp,92,932
292,Johanna,Antowski,jantowski83@last.fm,83,546
293,Dimitry,Southway,dsouthway84@joomla.org,120,939
294,Garek,Gummoe,ggummoe85@foxnews.com,46,590
295,Terza,Dumper,tdumper86@amazon.co.jp,97,701
296,Tandie,Bayman,tbayman87@amazon.co.uk,66,909
297,Jared,Standbrook,jstandbrook88@ox.ac.uk,92,400
298,Ferdinande,Fuggles,ffuggles89@php.net,66,203
299,Toby,Monger,tmonger8a@hexun.com,54,266
300,Amelina,Kempstone,akempstone8b@hud.gov,154,439
301,Galina,Castanos,gcastanos8c@yolasite.com,114,869
302,Antonietta,Gillingwater,agillingwater8d@reddit.com,17,694
303,Faydra,Kingzett,fkingzett8e@list-manage.com,174,318
304,Walliw,Pantry,wpantry8f@theatlantic.com,178,271
305,Kally,Samber,ksamber8g@google.it,147,616
306,Sigfried,Sherry,ssherry8h@usa.gov,165,801
307,Giulietta,Fulun,gfulun8i@stumbleupon.com,175,683
308,Isadora,Aymerich,iaymerich8j@vistaprint.com,111,370
309,Auguste,Stringman,astringman8k@usda.gov,5,338
310,Salome,Schistl,sschistl8l@home.pl,135,528
311,Alvy,Tyce,atyce8m@netlog.com,103,597
312,Karla,O'Lyhane,kolyhane8n@earthlink.net,128,51
313,Sarene,Stubbley,sstubbley8o@goo.ne.jp,121,825
314,Reg,Bellfield,rbellfield8p@shop-pro.jp,9,493
315,Casi,Vose,cvose8q@myspace.com,142,25
316,Nicolette,Barley,nbarley8r@miibeian.gov.cn,23,423
317,Tracee,Lennard,tlennard8s@ucoz.com,101,649
318,Timothy,Klima,tklima8t@eventbrite.com,67,416
319,Audy,O'Sheerin,aosheerin8u@paginegialle.it,25,132
320,Kristen,Ovenell,kovenell8v@pagesperso-orange.fr,72,200
321,Gwenny,Solesbury,gsolesbury8w@seesaa.net,115,88
322,Bradney,Gercke,bgercke8x@vinaora.com,60,125
323,Belle,Notti,bnotti8y@multiply.com,156,333
324,Dallas,Sorbey,dsorbey8z@yahoo.com,173,961
325,Nanni,Berardt,nberardt90@ox.ac.uk,9,656
326,Rorie,Malthus,rmalthus91@ustream.tv,91,614
327,Brant,Fellnee,bfellnee92@java.com,49,655
328,Sib,Linden,slinden93@e-recht24.de,156,529
329,Harcourt,Yuill,hyuill94@npr.org,67,782
330,Pepillo,Craighead,pcraighead95@theguardian.com,18,596
331,Lori,Paddick,lpaddick96@geocities.jp,24,631
332,Ban,How to preserve,bhowtopreserve97@skype.com,21,95
333,Isadore,Petters,ipetters98@berkeley.edu,54,817
334,Chester,Dengate,cdengate99@google.co.jp,158,87
335,Becki,McLugish,bmclugish9a@alibaba.com,145,169
336,Hermine,McKeating,hmckeating9b@alexa.com,98,600
337,Albertina,Gascoyen,agascoyen9c@yandex.ru,53,878
338,Irving,Hawk,ihawk9d@pcworld.com,144,806
339,Inglis,Drewet,idrewet9e@fotki.com,83,543
340,Poppy,Leblanc,pleblanc9f@microsoft.com,128,247
341,Floyd,Stambridge,fstambridge9g@timesonline.co.uk,19,747
342,Cristionna,Harkes,charkes9h@123-reg.co.uk,23,843
343,Gram,Luttger,gluttger9i@soup.io,94,891
344,Ely,Wetherald,ewetherald9j@1688.com,147,836
345,Florencia,Benninger,fbenninger9k@chronoengine.com,90,18
346,Addia,Giles,agiles9l@boston.com,75,898
347,Ali,Keigher,akeigher9m@imageshack.us,118,199
348,Tine,Igo,tigo9n@biblegateway.com,38,887
349,Ruby,Tidman,rtidman9o@clickbank.net,148,174
350,Sheena,Dwire,sdwire9p@fotki.com,136,497
351,Shelba,Welling,swelling9q@de.vu,165,398
352,Morena,Mathouse,mmathouse9r@w3.org,90,764
353,Terrye,Osmond,tosmond9s@rambler.ru,73,164
354,Darbie,Beadell,dbeadell9t@seesaa.net,14,1
355,Lexie,Joppich,ljoppich9u@theatlantic.com,14,350
356,Freemon,Collip,fcollip9v@amazon.co.jp,83,418
357,Brant,Meeron,bmeeron9w@example.com,20,758
358,Val,Feehan,vfeehan9x@163.com,112,779
359,Constantino,Andresen,candresen9y@slideshare.net,70,39
360,Appolonia,Shallcross,ashallcross9z@nydailynews.com,161,381
361,Cecilla,Shaefer,cshaefera0@joomla.org,38,362
362,Worthy,Roe,wroea1@liveinternet.ru,69,185
363,Trina,Gleaves,tgleavesa2@foxnews.com,182,385
364,Doloritas,Skeech,dskeecha3@aol.com,112,945
365,Swen,Saltwell,ssaltwella4@buzzfeed.com,89,774
366,Melvyn,Cayzer,mcayzera5@slideshare.net,156,647
367,Alexandrina,Stripp,astrippa6@topsy.com,135,787
368,Malena,Joynes,mjoynesa7@fotki.com,98,394
369,Verla,Fowles,vfowlesa8@squidoo.com,40,487
370,Hoyt,Jurisch,hjurischa9@people.com.cn,117,313
371,Farr,Beel,fbeelaa@weebly.com,66,443
372,Antonella,Rioch,ariochab@nih.gov,34,5
373,Jacobo,Rogger,jroggerac@ning.com,125,962
374,Germana,Rapson,grapsonad@exblog.jp,102,935
375,Caril,Hobbert,chobbertae@kickstarter.com,71,541
376,Rudolf,Raycroft,rraycroftaf@netvibes.com,58,635
377,Imogene,Strafford,istraffordag@toplist.cz,67,725
378,Aymer,Laborde,alabordeah@yahoo.co.jp,24,816
379,Vivianna,Croll,vcrollai@salon.com,148,233
380,Onida,Ipplett,oipplettaj@barnesandnoble.com,111,604
381,Harbert,Garbutt,hgarbuttak@google.com.hk,49,502
382,Carlye,Powney,cpowneyal@liveinternet.ru,38,218
383,Danna,Lorkings,dlorkingsam@cornell.edu,114,175
384,Dorian,Dodgson,ddodgsonan@51.la,78,62
385,Artemis,Kemmis,akemmisao@a8.net,17,601
386,Palmer,Knowlys,pknowlysap@yellowbook.com,94,748
387,Christye,Ivons,civonsaq@youtube.com,171,211
388,Willi,Mersh,wmershar@hp.com,41,473
389,Ebenezer,Goodsell,egoodsellas@youtube.com,44,33
390,Norene,Gillison,ngillisonat@photobucket.com,70,444
391,Mari,Geraudel,mgeraudelau@jiathis.com,185,280
392,Jeramey,Barbour,jbarbourav@accuweather.com,156,952
393,Chrissy,Foord,cfoordaw@youtu.be,89,734
394,Wendel,Duker,wdukerax@hibu.com,68,911
395,Ann-marie,Matura,amaturaay@va.gov,145,289
396,Donavon,Penbarthy,dpenbarthyaz@flavors.me,64,912
397,Isobel,McGreay,imcgreayb0@ezinearticles.com,24,488
398,James,Dono,jdonob1@dot.gov,172,510
399,Fannie,Cotterell,fcotterellb2@state.gov,173,413
400,Audie,Croxley,acroxleyb3@lulu.com,115,238
401,Melesa,Beardsley,mbeardsleyb4@com.com,24,953
402,Harmonia,Rotlauf,hrotlaufb5@unesco.org,23,626
403,Abdel,Neal,anealb6@freewebs.com,103,606
404,Gillan,Byrcher,gbyrcherb7@cnbc.com,149,194
405,Frasier,Maxsted,fmaxstedb8@fema.gov,117,38
406,Nessie,Joyes,njoyesb9@cornell.edu,91,821
407,Binky,Canty,bcantyba@ucsd.edu,107,713
408,Rand,Rohan,rrohanbb@uiuc.edu,110,293
409,Oliviero,Olpin,oolpinbc@sbwire.com,84,943
410,Trumaine,Patterfield,tpatterfieldbd@army.mil,156,219
411,Kath,Morteo,kmorteobe@dailymail.co.uk,19,714
412,Jamill,De Ambrosi,jdeambrosibf@hugedomains.com,159,922
413,Templeton,Wooldridge,twooldridgebg@twitter.com,161,608
414,Yancy,Byrkmyr,ybyrkmyrbh@wired.com,175,574
415,Aland,Edmund,aedmundbi@toplist.cz,127,399
416,Oralle,Schult,oschultbj@altervista.org,120,515
417,Mariellen,Dugget,mduggetbk@forbes.com,56,533
418,Irena,Cursey,icurseybl@theglobeandmail.com,58,951
419,Ruy,Kearns,rkearnsbm@huffingtonpost.com,114,949
420,Donica,Bazley,dbazleybn@wp.com,4,623
421,Saxe,Aldersea,salderseabo@com.com,72,217
422,Darnell,Strathe,dstrathebp@flickr.com,143,950
423,Gasparo,Rucklidge,grucklidgebq@geocities.jp,97,303
424,Neila,Byfield,nbyfieldbr@mediafire.com,144,447
425,Donnajean,Balderston,dbalderstonbs@wp.com,59,411
426,Barbabra,Whye,bwhyebt@blogger.com,70,962
427,Babette,Stickel,bstickelbu@mayoclinic.com,27,938
428,Maximilien,Skully,mskullybv@rakuten.co.jp,82,41
429,Filippa,Standring,fstandringbw@hud.gov,171,290
430,Stefa,Billison,sbillisonbx@berkeley.edu,75,592
431,Shayla,Tarren,starrenby@delicious.com,118,558
432,Allegra,Verheyden,averheydenbz@live.com,117,641
433,Ali,Cuming,acumingc0@free.fr,134,771
434,Elvis,Annear,eannearc1@marriott.com,128,966
435,Mahala,Schustl,mschustlc2@chronoengine.com,175,490
436,Fenelia,Works,fworksc3@furl.net,92,214
437,Lilla,Koppke,lkoppkec4@aol.com,175,177
438,Barbee,Leathlay,bleathlayc5@nhs.uk,142,489
439,Janelle,Grenter,jgrenterc6@dropbox.com,53,426
440,Griffith,Curston,gcurstonc7@typepad.com,178,888
441,Kristin,Slator,kslatorc8@a8.net,95,658
442,Darleen,Shearsby,dshearsbyc9@51.la,157,236
443,Sibylla,Cornilleau,scornilleauca@rambler.ru,111,812
444,Concettina,Geratt,cgerattcb@tuttocitta.it,40,274
445,Brok,Tuiller,btuillercc@pagesperso-orange.fr,170,603
446,Arliene,Amner,aamnercd@springer.com,175,928
447,Dennison,Turmall,dturmallce@prnewswire.com,48,440
448,Nollie,Lidgertwood,nlidgertwoodcf@themeforest.net,144,937
449,Nappy,Bratch,nbratchcg@topsy.com,175,279
450,Egan,Westhoff,ewesthoffch@ebay.com,148,37
451,Dinnie,Bellie,dbellieci@a8.net,22,46
452,Janeva,Izatson,jizatsoncj@marriott.com,25,579
453,Stearne,Savary,ssavaryck@samsung.com,47,862
454,Mattie,Crane,mcranecl@drupal.org,15,131
455,Imogene,Rosewarne,irosewarnecm@addtoany.com,86,463
456,Sean,Teasdale,steasdalecn@woothemes.com,72,784
457,Alikee,Petegrew,apetegrewco@ifeng.com,127,680
458,Buffy,Tiebe,btiebecp@yahoo.com,76,427
459,Frants,Wickes,fwickescq@ovh.net,125,47
460,Wynn,Sloey,wsloeycr@google.ru,142,78
461,Evy,Lowings,elowingscs@cbc.ca,145,114
462,Boote,Prue,bpruect@biblegateway.com,166,267
463,Hale,McKimmey,hmckimmeycu@army.mil,47,120
464,Valida,Crissil,vcrissilcv@wikispaces.com,90,121
465,Bryant,Bebbell,bbebbellcw@yellowbook.com,134,351
466,Derril,Garland,dgarlandcx@jalbum.net,21,310
467,Onida,Uman,oumancy@miitbeian.gov.cn,182,325
468,Loutitia,Woolliams,lwoolliamscz@vkontakte.ru,143,491
469,Cyrill,Haffard,chaffardd0@nhs.uk,16,678
470,Kris,Livesay,klivesayd1@squarespace.com,68,149
471,Quentin,Hullah,qhullahd2@bloglines.com,15,431
472,Jodi,Shireff,jshireffd3@discovery.com,39,663
473,Ive,Peterkin,ipeterkind4@ameblo.jp,149,671
474,Myrtle,Sinclar,msinclard5@latimes.com,112,615
475,Daryl,Merritt,dmerrittd6@blinklist.com,54,255
476,Osbourne,Fothergill,ofothergilld7@examiner.com,20,504
477,Nessy,Yair,nyaird8@creativecommons.org,129,480
478,Blinny,Di Franceschi,bdifranceschid9@vistaprint.com,24,924
479,Saidee,Towle,stowleda@blog.com,13,957
480,Obidiah,MacPherson,omacphersondb@wikispaces.com,1,640
481,Sky,Magnar,smagnardc@google.it,156,181
482,Sandi,Barthod,sbarthoddd@phoca.cz,83,627
483,Carlyn,Duker,cdukerde@upenn.edu,33,152
484,Elysia,Levi,elevidf@ftc.gov,59,853
485,Misha,Kays,mkaysdg@fema.gov,92,228
486,Babb,Lightowler,blightowlerdh@sina.com.cn,25,910
487,Tynan,Michelle,tmichelledi@skype.com,103,790
488,Emmanuel,Moss,emossdj@yolasite.com,90,522
489,Lucille,Sheaf,lsheafdk@booking.com,143,917
490,Isador,Facey,ifaceydl@prnewswire.com,156,903
491,Alonzo,Martynikhin,amartynikhindm@shareasale.com,101,402
492,Rosella,Flahive,rflahivedn@loc.gov,172,838
493,Bryon,Ricket,bricketdo@xinhuanet.com,146,366
494,Ellynn,Camden,ecamdendp@issuu.com,152,384
495,Olenka,Malyan,omalyandq@tripadvisor.com,68,346
496,Nadean,Benet,nbenetdr@mozilla.org,145,648
497,Esme,Tomanek,etomanekds@mozilla.com,52,643
498,Renato,Trytsman,rtrytsmandt@loc.gov,164,632
499,Avictor,Pepperrall,apepperralldu@webeden.co.uk,115,207
500,Shelba,Joyson,sjoysondv@sogou.com,84,759
501,Ardeen,Foan,afoandw@reverbnation.com,5,437
502,Kelcy,Woodyear,kwoodyeardx@amazon.de,138,708
503,Pamela,Gulleford,pgulleforddy@bandcamp.com,39,686
504,Vickie,Runnacles,vrunnaclesdz@blinklist.com,165,16
505,Alisha,Gammet,agammete0@comcast.net,61,56
506,Mercy,Skill,mskille1@wired.com,149,226
507,Conny,Runcie,crunciee2@amazon.de,161,441
508,Mitchel,Geggus,mgegguse3@dmoz.org,94,291
509,Sonny,Blaszczyk,sblaszczyke4@fotki.com,10,659
510,Cher,Waterfall,cwaterfalle5@macromedia.com,83,809
511,Hanan,Meegin,hmeegine6@google.com.br,39,721
512,Matty,Gouny,mgounye7@newyorker.com,58,342
513,Giovanni,Lonsbrough,glonsbroughe8@adobe.com,21,670
514,Dottie,Oliffe,doliffee9@eepurl.com,13,588
515,Pembroke,Graffin,pgraffinea@naver.com,84,954
516,Mallorie,O'Brian,mobrianeb@businesswire.com,103,967
517,Jeremie,Gredden,jgreddenec@last.fm,40,587
518,Cassandry,Doidge,cdoidgeed@mysql.com,167,231
519,Cari,Rodnight,crodnightee@constantcontact.com,169,477
520,Jelene,Hurl,jhurlef@pagesperso-orange.fr,67,880
521,Pall,Hourigan,phouriganeg@netvibes.com,162,820
522,Felice,Pietruszewicz,fpietruszewiczeh@netvibes.com,38,707
523,Shana,Rumming,srummingei@ocn.ne.jp,47,690
524,Marietta,Solomonides,msolomonidesej@technorati.com,124,930
525,Reba,Pogson,rpogsonek@hhs.gov,1,819
526,Hunfredo,Bittlestone,hbittlestoneel@4shared.com,171,772
527,Freida,Todeo,ftodeoem@shinystat.com,92,550
528,Carlynn,Antonucci,cantonuccien@epa.gov,1,505
529,Erny,Oake,eoakeeo@bloomberg.com,94,538
530,Doyle,Brickdale,dbrickdaleep@home.pl,1,321
531,Esme,Scrimshaw,escrimshaweq@geocities.com,38,356
532,Spense,Meeland,smeelander@e-recht24.de,177,277
533,Normand,Ayrton,nayrtones@spotify.com,19,766
534,Ema,Woollam,ewoollamet@princeton.edu,60,7
535,Stewart,Lilian,slilianeu@buzzfeed.com,112,343
536,Karee,Westwater,kwestwaterev@storify.com,172,359
537,Gannie,Stirland,gstirlandew@google.it,77,573
538,Chrisy,Mila,cmilaex@hc360.com,55,815
539,Jimmie,Castelijn,jcastelijney@arizona.edu,65,94
540,Jayme,Fer,jferez@over-blog.com,176,104
541,Rem,Mottershaw,rmottershawf0@de.vu,55,168
542,Karlens,Klich,kklichf1@sbwire.com,47,565
543,Cyndi,Bulter,cbulterf2@salon.com,144,182
544,Emerson,MacDougal,emacdougalf3@issuu.com,186,890
545,Lucinda,Webby,lwebbyf4@netscape.com,31,568
546,Lemuel,Jaram,ljaramf5@amazon.co.jp,114,68
547,Constantia,Aymerich,caymerichf6@homestead.com,143,549
548,Esma,Andor,eandorf7@privacy.gov.au,150,14
549,Sancho,Simka,ssimkaf8@tinypic.com,84,889
550,Rodina,Gauch,rgauchf9@jalbum.net,95,82
551,Virgil,Marians,vmariansfa@surveymonkey.com,70,216
552,Germain,Cordier,gcordierfb@statcounter.com,125,442
553,Marci,Spering,msperingfc@squidoo.com,37,861
554,Carline,d'Escoffier,cdescoffierfd@youku.com,151,129
555,Alasdair,Poluzzi,apoluzzife@webeden.co.uk,157,330
556,Jeff,Greeson,jgreesonff@jigsy.com,147,799
557,Brewer,Birts,bbirtsfg@seattletimes.com,16,240
558,Gerta,Keuning,gkeuningfh@uol.com.br,69,377
559,Deidre,MacCafferky,dmaccafferkyfi@samsung.com,77,822
560,Mathew,Drewry,mdrewryfj@smh.com.au,48,856
561,Abran,Vankov,avankovfk@eventbrite.com,103,875
562,Jacky,Bertelet,jberteletfl@bigcartel.com,111,668
563,Ermengarde,Aldington,ealdingtonfm@oracle.com,143,54
564,Karlyn,Batchan,kbatchanfn@themeforest.net,156,111
565,Tiff,Doone,tdoonefo@unc.edu,58,258
566,Curtis,Overall,coverallfp@ebay.com,58,948
567,Nikki,Poyntz,npoyntzfq@infoseek.co.jp,24,300
568,Randal,Affron,raffronfr@wsj.com,109,67
569,Kial,Pharaoh,kpharaohfs@nifty.com,170,926
570,Lucius,Morling,lmorlingft@typepad.com,84,951
571,Sander,Lumbly,slumblyfu@aboutads.info,37,624
572,Lorilyn,Kinder,lkinderfv@ning.com,165,660
573,Burg,Sandercock,bsandercockfw@skype.com,149,685
574,Rena,Pauly,rpaulyfx@goo.ne.jp,148,840
575,Danie,Ringsell,dringsellfy@pagesperso-orange.fr,31,657
576,Gerianne,Hannigan,ghanniganfz@storify.com,58,339
577,Ogdan,Doley,odoleyg0@springer.com,149,700
578,Abbey,Van der Kruijs,avanderkruijsg1@narod.ru,53,404
579,Cesya,Fosse,cfosseg2@biblegateway.com,124,607
580,Elonore,Northeast,enortheastg3@paginegialle.it,43,906
581,Maje,Baudesson,mbaudessong4@economist.com,37,864
582,Ambrosio,Livezey,alivezeyg5@nba.com,128,865
583,Alberto,Lomis,alomisg6@themeforest.net,166,91
584,Marita,Doull,mdoullg7@about.me,140,414
585,Lelah,Casson,lcassong8@mozilla.com,45,733
586,Caddric,Garlant,cgarlantg9@google.ca,47,798
587,Vanessa,MacNalley,vmacnalleyga@columbia.edu,114,622
588,Aubry,Pistol,apistolgb@tinypic.com,14,9
589,Tarrah,Toth,ttothgc@tinypic.com,20,411
590,Drusy,Dishman,ddishmangd@mayoclinic.com,129,367
591,Iolande,Hassent,ihassentge@pinterest.com,129,896
592,Abby,Ganing,aganinggf@msu.edu,114,375
593,Val,Banaszewski,vbanaszewskigg@gizmodo.com,41,698
594,Farica,Brocklehurst,fbrocklehurstgh@sun.com,79,486
595,Marice,Pilsworth,mpilsworthgi@prnewswire.com,125,659
596,Jameson,Cohn,jcohngj@symantec.com,20,519
597,Lotte,Ladon,lladongk@plala.or.jp,77,202
598,Mata,Hannigane,mhanniganegl@csmonitor.com,129,139
599,Janifer,Young,jyounggm@vk.com,65,460
600,Krissie,Abram,kabramgn@themeforest.net,70,250
601,Morrie,Wybrow,mwybrowgo@state.tx.us,153,854
602,Leonard,Rait,lraitgp@networksolutions.com,180,539
603,Romeo,Moules,rmoulesgq@netvibes.com,118,752
604,Milli,Huygen,mhuygengr@globo.com,104,145
605,Even,Pococke,epocockegs@engadget.com,145,261
606,Pierrette,Landeaux,plandeauxgt@google.cn,176,602
607,Kary,Tomas,ktomasgu@jiathis.com,23,786
608,Gratiana,Tacon,gtacongv@weibo.com,175,553
609,Jarib,Mitchelhill,jmitchelhillgw@bbc.co.uk,38,329
610,Tara,Tarpey,ttarpeygx@cornell.edu,154,450
611,Yvette,Goady,ygoadygy@blogger.com,175,451
612,Georgy,Muscat,gmuscatgz@paginegialle.it,181,276
613,Gearalt,Reading,greadingh0@youtube.com,93,253
614,Gustave,McCarty,gmccartyh1@alexa.com,120,126
615,Vassili,Dumphrey,vdumphreyh2@woothemes.com,180,740
616,Roze,Tapin,rtapinh3@ustream.tv,53,662
617,Antin,Leishman,aleishmanh4@hubpages.com,176,691
618,Jethro,Simao,jsimaoh5@constantcontact.com,115,389
619,Kaleena,Schimann,kschimannh6@independent.co.uk,24,802
620,Kaylyn,McCreery,kmccreeryh7@yellowbook.com,25,531
621,Fabio,Brine,fbrineh8@shinystat.com,149,495
622,Carny,Casson,ccassonh9@earthlink.net,73,466
623,Grannie,Wilprecht,gwilprechtha@craigslist.org,115,722
624,Pru,Weldon,pweldonhb@tinypic.com,70,688
625,Fernande,Gullan,fgullanhc@smh.com.au,114,947
626,Erinn,Berndtssen,eberndtssenhd@quantcast.com,177,268
627,Arvin,Aspenlon,aaspenlonhe@facebook.com,111,841
628,Symon,Craigmile,scraigmilehf@slideshare.net,59,583
629,Morgen,Fennelly,mfennellyhg@yelp.com,109,17
630,Padraic,Applegarth,papplegarthhh@phoca.cz,148,894
631,Dmitri,Brunnstein,dbrunnsteinhi@redcross.org,112,717
632,Broderic,Coie,bcoiehj@miibeian.gov.cn,55,871
633,Hank,Rudall,hrudallhk@intel.com,113,77
634,Elfrida,Farron,efarronhl@parallels.com,111,421
635,Cecilla,Inett,cinetthm@sciencedaily.com,126,209
636,Ryley,Braham,rbrahamhn@omniture.com,54,879
637,Andras,Iggalden,aiggaldenho@nps.gov,175,667
638,Odille,O'Kerin,ookerinhp@princeton.edu,11,839
639,Gerianna,Arter,garterhq@reference.com,112,369
640,Ev,McPhate,emcphatehr@blinklist.com,125,273
641,Anetta,Baudesson,abaudessonhs@oakley.com,110,650
642,Hana,McCromley,hmccromleyht@cornell.edu,100,628
643,Kaiser,Sayers,ksayershu@marketwatch.com,108,327
644,Tye,Maharey,tmahareyhv@home.pl,68,500
645,Rab,Gallon,rgallonhw@1und1.de,142,446
646,Shannon,Chinery,schineryhx@uiuc.edu,115,100
647,Gerrie,Petegre,gpetegrehy@purevolume.com,161,407
648,Adorne,Poleykett,apoleyketthz@arizona.edu,148,940
649,Nicol,Degenhardt,ndegenhardti0@walmart.com,83,162
650,Dorothy,Scarlan,dscarlani1@gmpg.org,171,306
651,Cthrine,Wensley,cwensleyi2@google.ca,171,913
652,Darrick,Lightwing,dlightwingi3@wix.com,21,49
653,Noreen,Dassindale,ndassindalei4@blog.com,83,765
654,Christy,Hughill,chughilli5@dyndns.org,165,328
655,Alia,Reglar,areglari6@goo.gl,54,12
656,Dell,Madsen,dmadseni7@earthlink.net,178,464
657,Angil,Sybry,asybryi8@tuttocitta.it,151,823
658,Benedetta,Cobain,bcobaini9@sphinn.com,178,618
659,Susannah,Wrefford,swreffordia@arstechnica.com,165,171
660,Igor,Burris,iburrisib@wordpress.com,143,57
661,Kristian,Guilliatt,kguilliattic@army.mil,75,66
662,Leonore,Stedson,lstedsonid@hatena.ne.jp,91,883
663,Bob,Roxburgh,broxburghie@google.de,156,959
664,Eugine,McNalley,emcnalleyif@admin.ch,96,963
665,Tomaso,Lippi,tlippiig@exblog.jp,174,818
666,Claudina,Bownd,cbowndih@wunderground.com,86,425
667,Frederica,Doogue,fdoogueii@weebly.com,12,693
668,Irita,Forbes,iforbesij@lycos.com,3,718
669,Georgianna,Bealing,gbealingik@elegantthemes.com,141,27
670,Niall,Mulrooney,nmulrooneyil@drupal.org,55,130
671,Nanci,Beccero,nbecceroim@biblegateway.com,148,808
672,Daisy,Guichard,dguichardin@ameblo.jp,83,220
673,Kirsti,Earpe,kearpeio@indiegogo.com,25,855
674,Lon,Blodgett,lblodgettip@oracle.com,142,285
675,Star,Gewer,sgeweriq@hhs.gov,83,723
676,Vinny,Aldham,valdhamir@cnn.com,145,260
677,Diahann,Cowlam,dcowlamis@360.cn,39,436
678,Kissee,Mallabon,kmallabonit@ning.com,23,494
679,Constance,Stille,cstilleiu@intel.com,126,681
680,Zita,Cressingham,zcressinghamiv@yahoo.co.jp,70,401
681,Kale,Sute,ksuteiw@usatoday.com,165,739
682,Troy,McTrustrie,tmctrustrieix@mysql.com,111,675
683,Ora,Jeppe,ojeppeiy@mail.ru,126,746
684,Letizia,Carpmile,lcarpmileiz@youtu.be,104,30
685,Rollin,Holehouse,rholehousej0@netscape.com,38,363
686,Meggy,Leighfield,mleighfieldj1@chronoengine.com,128,39
687,Nedda,Manlow,nmanlowj2@vkontakte.ru,92,45
688,Rosemary,Eatock,reatockj3@livejournal.com,94,349
689,Jermaine,Tisun,jtisunj4@webeden.co.uk,71,931
690,Nichols,Pinder,npinderj5@noaa.gov,127,108
691,Mehetabel,Antonellini,mantonellinij6@rambler.ru,92,278
692,Idette,Farenden,ifarendenj7@w3.org,91,135
693,Verne,Nelligan,vnelliganj8@un.org,59,726
694,Lacee,Alywen,lalywenj9@stumbleupon.com,111,406
695,Darby,Olding,doldingja@vk.com,145,845
696,Donovan,Martinello,dmartinellojb@apache.org,105,379
697,Kimbell,Cejka,kcejkajc@seesaa.net,90,272
698,Nerti,Neubigin,nneubiginjd@time.com,106,634
699,Adam,Radenhurst,aradenhurstje@abc.net.au,129,127
700,Eva,Hancock,ehancockjf@foxnews.com,59,866
701,Fredrika,Chatten,fchattenjg@ftc.gov,37,724
702,Hasheem,Inold,hinoldjh@about.me,53,907
703,Lorine,Peacocke,lpeacockeji@bloglovin.com,24,269
704,Yettie,Platt,yplattjj@google.co.uk,142,90
705,Zilvia,Winchester,zwinchesterjk@webmd.com,89,576
706,Ivonne,Ehrat,iehratjl@un.org,78,123
707,Culver,Ramlot,cramlotjm@printfriendly.com,167,916
708,Aprilette,Huortic,ahuorticjn@seattletimes.com,59,65
709,Jarrett,Scroyton,jscroytonjo@woothemes.com,147,964
710,Hildy,Boatman,hboatmanjp@nih.gov,115,102
711,Shaina,Burnsyde,sburnsydejq@youtube.com,144,874
712,Alexi,Strewthers,astrewthersjr@webs.com,147,354
713,Paten,Dripps,pdrippsjs@topsy.com,72,534
714,Hedi,Tumber,htumberjt@squarespace.com,83,166
715,Hephzibah,Marvel,hmarvelju@webmd.com,7,545
716,Pet,Agates,pagatesjv@youku.com,19,715
717,Gabriel,Sperring,gsperringjw@nature.com,65,319
718,Natale,Sterricks,nsterricksjx@soundcloud.com,126,702
719,Waverley,Maken,wmakenjy@twitpic.com,109,792
720,Antonio,Shickle,ashicklejz@dagondesign.com,15,479
721,Wallis,Rigney,wrigneyk0@163.com,87,76
722,Suki,Fydoe,sfydoek1@ameblo.jp,28,530
723,Mason,Clemon,mclemonk2@yahoo.co.jp,152,73
724,Thorny,Hubbard,thubbardk3@engadget.com,145,797
725,Jasmin,Houten,jhoutenk4@liveinternet.ru,60,865
726,Constancy,Beathem,cbeathemk5@networksolutions.com,116,137
727,Josie,Ox,joxk6@cocolog-nifty.com,39,324
728,Cirillo,Cleverley,ccleverleyk7@nih.gov,92,243
729,Teresa,Norton,tnortonk8@eepurl.com,60,195
730,Filip,De Bruyne,fdebruynek9@ycombinator.com,117,692
731,Gunther,Dunston,gdunstonka@bizjournals.com,126,326
732,Jonis,Sanpher,jsanpherkb@free.fr,183,97
733,Ashia,Fawlkes,afawlkeskc@sina.com.cn,172,432
734,Gaven,Fedynski,gfedynskikd@webeden.co.uk,45,926
735,Shirley,Attril,sattrilke@quantcast.com,146,512
736,Mel,Chiene,mchienekf@canalblog.com,61,331
737,Kalindi,Tedder,ktedderkg@sun.com,58,525
738,Hestia,Finnan,hfinnankh@example.com,14,110
739,Kevan,Wheelan,kwheelanki@netscape.com,14,229
740,Clayborne,Adamsen,cadamsenkj@dagondesign.com,91,870
741,Gleda,Clyde,gclydekk@ustream.tv,68,71
742,Jayme,Keggin,jkegginkl@dot.gov,164,458
743,Jacquette,Landall,jlandallkm@theguardian.com,95,867
744,Donni,Whoston,dwhostonkn@reuters.com,140,585
745,Colette,Verden,cverdenko@usgs.gov,58,43
746,Al,Scoyles,ascoyleskp@reference.com,147,296
747,Luisa,O'Kieran,lokierankq@cnet.com,115,540
748,Jeni,Spender,jspenderkr@ftc.gov,33,586
749,Rubie,Woodfield,rwoodfieldks@bing.com,157,706
750,Jessie,Barker,jbarkerkt@e-recht24.de,47,548
751,Isaac,Tellenbrook,itellenbrookku@abc.net.au,117,119
752,Shaylynn,Rounsefell,srounsefellkv@mozilla.org,63,241
753,Marthena,Axten,maxtenkw@prweb.com,127,597
754,Jarvis,Camsey,jcamseykx@yellowpages.com,110,478
755,Durant,McMorran,dmcmorranky@cmu.edu,103,742
756,Annissa,Chatten,achattenkz@istockphoto.com,134,294
757,Brenna,Fishleigh,bfishleighl0@jigsy.com,144,578
758,Dena,McGaughey,dmcgaugheyl1@addthis.com,23,661
759,Bendix,Kagan,bkaganl2@zimbio.com,54,863
760,Eloise,Fritz,efritzl3@washingtonpost.com,47,509
761,Stephanus,Planks,splanksl4@prlog.org,21,28
762,Shir,Prettyjohns,sprettyjohnsl5@nationalgeographic.com,166,420
763,Silvana,Colcomb,scolcombl6@oracle.com,96,242
764,Gasparo,O'Hegertie,gohegertiel7@histats.com,110,392
765,Lenci,Brecon,lbreconl8@bloglines.com,72,340
766,Aleen,Groger,agrogerl9@liveinternet.ru,42,895
767,Deni,Ledur,dledurla@psu.edu,112,334
768,Hynda,Rastrick,hrastricklb@taobao.com,75,653
769,Carlen,Burtonwood,cburtonwoodlc@elegantthemes.com,99,89
770,Helena,Clutterham,hclutterhamld@nymag.com,106,4
771,Jany,Manie,jmaniele@cocolog-nifty.com,174,85
772,Theodore,Streatfeild,tstreatfeildlf@cisco.com,83,485
773,Marjorie,Joskowitz,mjoskowitzlg@imageshack.us,90,212
774,Amelia,Barkess,abarkesslh@state.gov,38,249
775,Perren,Hanvey,phanveyli@usda.gov,91,929
776,Uriah,McPhelimey,umcphelimeylj@merriam-webster.com,104,750
777,Sharai,Minney,sminneylk@gnu.org,179,905
778,Ida,Lerner,ilernerll@opera.com,109,357
779,Dagmar,Sibley,dsibleylm@scribd.com,112,561
780,Waylen,Joliffe,wjoliffeln@eepurl.com,72,520
781,Shea,Kane,skanelo@jimdo.com,1,555
782,Fayth,Rolfo,frolfolp@wired.com,49,544
783,Emalee,Paxforde,epaxfordelq@illinois.edu,53,524
784,Arlene,Broschke,abroschkelr@go.com,91,763
785,Julianna,Jiles,jjilesls@storify.com,180,915
786,Gisele,Sappson,gsappsonlt@earthlink.net,83,419
787,Thekla,Frango,tfrangolu@stanford.edu,177,151
788,Tybi,Eim,teimlv@cloudflare.com,97,59
789,Skyler,Glaisner,sglaisnerlw@columbia.edu,166,696
790,Caril,Moult,cmoultlx@constantcontact.com,174,562
791,Fleming,Hurburt,fhurburtly@wunderground.com,66,743
792,Carmon,Creeghan,ccreeghanlz@elegantthemes.com,110,913
793,Allx,Booty,abootym0@rambler.ru,134,22
794,Abbey,Warr,awarrm1@pagesperso-orange.fr,109,433
795,Melli,Lacheze,mlachezem2@yellowpages.com,39,716
796,Paulie,Lanfer,planferm3@php.net,159,403
797,Lyle,Shall,lshallm4@diigo.com,156,780
798,Emmett,O'Lahy,eolahym5@slashdot.org,21,380
799,Olivia,Cluet,ocluetm6@mtv.com,96,373
800,Mercy,Gelland,mgellandm7@sitemeter.com,33,461
801,Hazlett,Carnachen,hcarnachenm8@java.com,128,613
802,Jenny,Feary,jfearym9@un.org,155,897
803,Raffarty,Liversidge,rliversidgema@sohu.com,65,252
804,Annamaria,Eubank,aeubankmb@time.com,43,244
805,Rochell,O'Carrol,rocarrolmc@vkontakte.ru,55,773
806,Rivi,Francesconi,rfrancesconimd@parallels.com,32,651
807,Chancey,Pharro,cpharrome@edublogs.org,156,454
808,Linn,Lack,llackmf@earthlink.net,36,523
809,Todd,Samworth,tsamworthmg@vk.com,113,511
810,Gifford,Heffron,gheffronmh@opensource.org,180,900
811,Blinnie,Guillerman,bguillermanmi@altervista.org,40,535
812,Aldin,Hekkert,ahekkertmj@etsy.com,84,332
813,Paulie,Fenemore,pfenemoremk@chronoengine.com,112,731
814,Amber,Cogin,acoginml@google.es,41,560
815,Estele,Stockney,estockneymm@pen.io,96,777
816,Cosetta,Vidgen,cvidgenmn@i2i.jp,179,956
817,Quinn,Mc Curlye,qmccurlyemo@bloglovin.com,171,536
818,Dody,Iltchev,diltchevmp@reddit.com,25,574
819,Camella,Gladdolph,cgladdolphmq@mayoclinic.com,19,382
820,Dody,Hawton,dhawtonmr@phoca.cz,65,374
821,Lotti,Elegood,lelegoodms@histats.com,91,810
822,Armand,Montrose,amontrosemt@naver.com,42,636
823,Elias,Peyzer,epeyzermu@gnu.org,139,305
824,Carny,Riggs,criggsmv@msn.com,50,610
825,Ailene,Conaghy,aconaghymw@japanpost.jp,122,581
826,Emili,Corness,ecornessmx@boston.com,34,124
827,Chloris,Oleksinski,coleksinskimy@answers.com,27,317
828,Evelyn,Faull,efaullmz@networkadvertising.org,22,358
829,Cristal,Lynnett,clynnettn0@cnbc.com,88,580
830,Giuditta,Gyenes,ggyenesn1@histats.com,150,387
831,Jeannine,Degoe,jdegoen2@multiply.com,145,781
832,Jolynn,Pentycross,jpentycrossn3@bbc.co.uk,9,215
833,Paulette,Cornilli,pcornillin4@edublogs.org,124,298
834,Willamina,Coveny,wcovenyn5@google.co.uk,35,254
835,Carroll,Arkin,carkinn6@photobucket.com,140,308
836,Miguela,Dikels,mdikelsn7@spiegel.de,171,55
837,Jard,MacCartney,jmaccartneyn8@mit.edu,90,452
838,Christan,Bunney,cbunneyn9@cargocollective.com,72,564
839,Harmonia,Haney,hhaneyna@va.gov,84,172
840,Hunter,Rawlin,hrawlinnb@livejournal.com,116,405
841,Clarita,Leason,cleasonnc@ovh.net,96,320
842,Rodie,Simounet,rsimounetnd@tripod.com,181,98
843,Loreen,Ganniclifft,lganniclifftne@uol.com.br,103,158
844,Loretta,Ducker,lduckernf@canalblog.com,177,424
845,Virgilio,Kitchiner,vkitchinerng@webs.com,109,234
846,Laural,Burrells,lburrellsnh@wisc.edu,161,639
847,Randolf,Allanby,rallanbyni@yahoo.co.jp,94,44
848,Morrie,Applegate,mapplegatenj@bizjournals.com,127,563
849,Leonhard,Torre,ltorrenk@imdb.com,184,936
850,Othelia,Hargitt,ohargittnl@amazonaws.com,174,612
851,Mirna,Webster,mwebsternm@comsenz.com,134,178
852,Wenda,Stares,wstaresnn@skype.com,92,297
853,Farleigh,Bourdis,fbourdisno@comsenz.com,13,222
854,Harlan,Oxtoby,hoxtobynp@earthlink.net,47,496
855,Nobie,Degue,ndeguenq@opensource.org,68,584
856,Melinde,Fellman,mfellmannr@amazon.de,102,251
857,Jereme,Jeaycock,jjeaycockns@linkedin.com,59,79
858,Grete,Farquharson,gfarquharsonnt@eepurl.com,54,142
859,Thaine,Feather,tfeathernu@arstechnica.com,92,315
860,Ailene,MacKall,amackallnv@microsoft.com,50,709
861,Babette,Siss,bsissnw@unc.edu,163,832
862,Gareth,Pandie,gpandienx@bing.com,113,288
863,Onfroi,Bowerbank,obowerbankny@xinhuanet.com,69,552
864,Devora,Antat,dantatnz@fda.gov,9,173
865,Rianon,Leneve,rleneveo0@sun.com,128,132
866,Lisette,Dawley,ldawleyo1@digg.com,102,256
867,Tybalt,Heintzsch,theintzscho2@unesco.org,19,732
868,Kenna,Gerg,kgergo3@privacy.gov.au,21,672
869,Victor,Embling,vemblingo4@java.com,115,386
870,Mal,Everit,meverito5@instagram.com,104,314
871,Shae,Marson,smarsono6@yellowpages.com,128,498
872,Jyoti,Gillyatt,jgillyatto7@omniture.com,70,263
873,Bobbye,Ibbetson,bibbetsono8@dailymotion.com,165,796
874,Lacee,Keemer,lkeemero9@indiatimes.com,161,170
875,Care,Titterell,ctitterelloa@tinyurl.com,1,204
876,Bridgette,Darby,bdarbyob@hhs.gov,145,93
877,Rancell,Fone,rfoneoc@alexa.com,62,770
878,Germayne,Doe,gdoeod@freewebs.com,96,341
879,Desirae,Vallentine,dvallentineoe@auda.org.au,53,101
880,Kile,Godfroy,kgodfroyof@samsung.com,52,232
881,Ginni,Gergher,ggergherog@foxnews.com,93,712
882,Adella,Cornely,acornelyoh@paginegialle.it,59,270
883,Colman,Drohan,cdrohanoi@wired.com,175,778
884,Elmira,Sandwith,esandwithoj@fastcompany.com,105,570
885,Putnam,Capsey,pcapseyok@51.la,40,507
886,Trev,Harland,tharlandol@hud.gov,185,617
887,Merlina,Reboul,mreboulom@wix.com,175,48
888,Deloria,Landrieu,dlandrieuon@apache.org,2,10
889,Maryrose,Nicolls,mnicollsoo@un.org,147,69
890,Branden,Cohn,bcohnop@google.it,126,899
891,Kerwinn,Van der Merwe,kvandermerweoq@live.com,142,665
892,Alane,Crosbie,acrosbieor@i2i.jp,46,804
893,Hillyer,Burbudge,hburbudgeos@reddit.com,133,703
894,Kathryn,Welbourn,kwelbournot@blog.com,93,20
895,Lotte,Beddin,lbeddinou@slate.com,115,213
896,Sutherlan,Brayn,sbraynov@barnesandnoble.com,159,745
897,Eleonora,Winchcombe,ewinchcombeow@freewebs.com,81,388
898,Gabrila,Honisch,ghonischox@gnu.org,178,518
899,Cristin,Saben,csabenoy@bloglines.com,98,729
900,Brittan,Staig,bstaigoz@opera.com,134,893
901,Pooh,Pairpoint,ppairpointp0@wikimedia.org,66,246
902,Hercule,Hallaways,hhallawaysp1@fda.gov,160,323
903,Aurelie,Hazeldine,ahazeldinep2@seattletimes.com,86,160
904,Caritta,Rigate,crigatep3@senate.gov,164,74
905,Alia,Tissier,atissierp4@globo.com,116,629
906,Edmon,Rohmer,erohmerp5@cocolog-nifty.com,47,335
907,Valeda,Acutt,vacuttp6@java.com,40,438
908,Alexandrina,Weaben,aweabenp7@vinaora.com,177,484
909,Dilan,Abazi,dabazip8@godaddy.com,116,106
910,Jabez,Sprey,jspreyp9@sbwire.com,111,920
911,Parry,Lipmann,plipmannpa@sakura.ne.jp,102,376
912,Myer,McColgan,mmccolganpb@guardian.co.uk,159,50
913,Nollie,Yeulet,nyeuletpc@liveinternet.ru,39,689
914,Frederigo,Scallon,fscallonpd@amazonaws.com,58,521
915,Ferrell,Woolcocks,fwoolcockspe@ucoz.com,47,368
916,Flori,McGlynn,fmcglynnpf@lycos.com,128,372
917,Amye,Forestall,aforestallpg@123-reg.co.uk,163,40
918,Arny,Rebert,arebertph@ca.gov,88,122
919,Con,Kingzet,ckingzetpi@ow.ly,171,383
920,Verina,Prowse,vprowsepj@google.com.hk,168,390
921,Dag,Dahlbom,ddahlbompk@mail.ru,92,353
922,Hetty,Barke,hbarkepl@intel.com,123,26
923,Mirelle,Reedshaw,mreedshawpm@godaddy.com,74,901
924,Gerald,Dillicate,gdillicatepn@over-blog.com,175,159
925,Ruddy,Chaise,rchaisepo@twitter.com,97,591
926,Tamas,Leimster,tleimsterpp@wisc.edu,108,567
927,Sammie,Shill,sshillpq@cornell.edu,62,201
928,Fredelia,Annies,fanniespr@nasa.gov,14,283
929,Tybi,Skeech,tskeechps@redcross.org,178,210
930,Virginie,Gibbetts,vgibbettspt@sfgate.com,133,532
931,Burtie,Pitman,bpitmanpu@1und1.de,112,831
932,Scotti,Martinat,smartinatpv@techcrunch.com,15,744
933,Salem,Glasbey,sglasbeypw@nih.gov,173,19
934,Winni,Laphorn,wlaphornpx@upenn.edu,105,499
935,Roderich,Perrottet,rperrottetpy@google.co.uk,39,36
936,Joannes,Style,jstylepz@wikia.com,102,34
937,Ethelred,Mechic,emechicq0@cnet.com,152,6
938,Kris,Antonignetti,kantonignettiq1@liveinternet.ru,72,882
939,Eveline,Ucceli,eucceliq2@360.cn,135,526
940,Jenine,Barnwall,jbarnwallq3@smh.com.au,15,848
941,Pepe,Duckworth,pduckworthq4@lycos.com,63,299
942,Ardath,Link,alinkq5@dagondesign.com,138,189
943,Beltran,Heinlein,bheinleinq6@mlb.com,174,355
944,Marielle,Ion,mionq7@yellowbook.com,97,474
945,Rose,Dusey,rduseyq8@merriam-webster.com,122,849
946,Marcos,Rielly,mriellyq9@independent.co.uk,31,611
947,Nellie,Keyes,nkeyesqa@whitehouse.gov,67,736
948,Nicolai,Erlam,nerlamqb@imageshack.us,91,847
949,Mellicent,Portsmouth,mportsmouthqc@friendfeed.com,182,118
950,Robin,Sollas,rsollasqd@geocities.jp,55,262
951,Mercie,Bruff,mbruffqe@yellowbook.com,8,15
952,Armand,Jollye,ajollyeqf@bluehost.com,145,638
953,Ber,Everest,beverestqg@fc2.com,29,556
954,Helenka,Rumbellow,hrumbellowqh@xinhuanet.com,165,644
955,Emlynn,Jojic,ejojicqi@va.gov,99,309
956,Hedwig,Lascell,hlascellqj@usda.gov,173,679
957,Herb,Noakes,hnoakesqk@prlog.org,30,921
958,Katleen,Hails,khailsql@bigcartel.com,141,830
959,Danika,Adne,dadneqm@sbwire.com,173,472
960,Abigale,Ayers,aayersqn@vinaora.com,85,835
961,Sadella,Mulvaney,smulvaneyqo@gmpg.org,89,224
962,Ninnette,Kernan,nkernanqp@delicious.com,109,852
963,Waite,Wickling,wwicklingqq@omniture.com,173,134
964,Ruprecht,Troni,rtroniqr@redcross.org,167,311
965,Matteo,Mallard,mmallardqs@usatoday.com,100,248
966,Cullin,Jedrzejczak,cjedrzejczakqt@desdev.cn,141,75
967,Hunter,O' Dornan,hodornanqu@cnet.com,165,501
968,Patsy,Sarath,psarathqv@cnet.com,33,595
969,Meredith,Hawke,mhawkeqw@cyberchimps.com,129,807
970,Honoria,Velez,hvelezqx@w3.org,48,814
971,Dominick,Salway,dsalwayqy@reddit.com,135,344
972,Seumas,Pilkinton,spilkintonqz@soup.io,28,286
973,Forest,Itzkovwitch,fitzkovwitchr0@ucsd.edu,141,826
974,Wynn,Jent,wjentr1@fc2.com,96,150
975,Arturo,Stern,asternr2@wsj.com,184,968
976,Michel,Ghilardini,mghilardinir3@shareasale.com,144,598
977,Frederich,Ferriday,fferridayr4@mapy.cz,37,468
978,Jermayne,Aylesbury,jaylesburyr5@zdnet.com,99,287
979,Leonardo,Norval,lnorvalr6@china.com.cn,38,445
980,Madelaine,Braybrook,mbraybrookr7@ed.gov,83,711
981,Ethelred,Clac,eclacr8@sun.com,171,264
982,Collie,Marchiso,cmarchisor9@webs.com,89,146
983,Bobina,Roubert,broubertra@hatena.ne.jp,71,115
984,Olive,McEnery,omceneryrb@spiegel.de,175,599
985,Cesya,Kettlestringe,ckettlestringerc@nps.gov,89,141
986,Cal,Hilldrop,chilldroprd@disqus.com,67,751
987,Curry,Chieze,cchiezere@ucoz.ru,71,699
988,Mathe,Abram,mabramrf@cisco.com,167,842
989,Andee,Thornham,athornhamrg@google.co.uk,31,813
990,Heywood,Pietrasik,hpietrasikrh@typepad.com,60,456
991,Martynne,Picard,mpicardri@storify.com,89,632
992,Ozzy,Cornborough,ocornboroughrj@parallels.com,25,547
993,Aida,Ebenezer,aebenezerrk@elpais.com,104,857
994,Melosa,Fealty,mfealtyrl@umich.edu,102,23
995,Thaddeus,Olenchikov,tolenchikovrm@purevolume.com,36,762
996,Skelly,Cassell,scassellrn@imgur.com,174,829
997,Katerine,Quimby,kquimbyro@meetup.com,181,753
998,Willi,Burkill,wburkillrp@tumblr.com,72,239
999,Elie,MacCarrane,emaccarranerq@t.co,98,637
1000,Ellswerth,Plumridege,eplumridegerr@youtube.com,110,411
