job_title,job_title_id
Account Coordinator,1
Account Executive,2
Account Representative I,3
Account Representative II,4
Account Representative III,5
Account Representative IV,6
Accountant I,7
Accountant III,8
Accountant IV,9
Accounting Assistant I,10
Accounting Assistant II,11
Accounting Assistant III,12
Accounting Assistant IV,13
Actuary,14
Administrative Assistant I,15
Administrative Assistant II,16
Administrative Assistant III,17
Administrative Assistant IV,18
Administrative Officer,19
Analog Circuit Design manager,20
Analyst Programmer,21
Assistant Manager,22
Assistant Media Planner,23
Assistant Professor,24
Associate Professor,25
Automation Specialist I,26
Automation Specialist II,27
Automation Specialist III,28
Automation Specialist IV,29
Biostatistician I,30
Biostatistician II,31
Biostatistician III,32
Biostatistician IV,33
Budget/Accounting Analyst II,34
Budget/Accounting Analyst III,35
Budget/Accounting Analyst IV,36
Business Systems Development Analyst,37
Chemical Engineer,38
Chief Design Engineer,39
Civil Engineer,40
Clinical Specialist,41
Community Outreach Specialist,42
Compensation Analyst,43
Computer Systems Analyst I,44
Computer Systems Analyst II,45
Computer Systems Analyst IV,46
Cost Accountant,47
Data Coordiator,48
Database Administrator I,49
Database Administrator II,50
Database Administrator III,51
Database Administrator IV,52
Dental Hygienist,53
Design Engineer,54
Desktop Support Technician,55
Developer II,56
Developer IV,57
Director of Sales,58
Editor,59
Electrical Engineer,60
Engineer I,61
Engineer II,62
Engineer III,63
Engineer IV,64
Environmental Specialist,65
Environmental Tech,66
Executive Secretary,67
Financial Advisor,68
Financial Analyst,69
Food Chemist,70
General Manager,71
Geological Engineer,72
Geologist I,73
Geologist II,74
Geologist III,75
Geologist IV,76
GIS Technical Architect,77
Graphic Designer,78
Health Coach I,79
Health Coach II,80
Health Coach III,81
Health Coach IV,82
Help Desk Operator,83
Help Desk Technician,84
Human Resources Assistant I,85
Human Resources Assistant II,86
Human Resources Assistant III,87
Human Resources Assistant IV,88
Human Resources Manager,89
Information Systems Manager,90
Internal Auditor,91
Junior Executive,92
Legal Assistant,93
Librarian,94
Marketing Assistant,95
Marketing Manager,96
Mechanical Systems Engineer,97
Media Manager I,98
Media Manager II,99
Media Manager III,100
Media Manager IV,101
Nuclear Power Engineer,102
Nurse,103
Nurse Practicioner,104
Occupational Therapist,105
Office Assistant I,106
Office Assistant II,107
Office Assistant III,108
Operator,109
Paralegal,110
Payment Adjustment Coordinator,111
Pharmacist,112
Physical Therapy Assistant,113
Product Engineer,114
Professor,115
Programmer Analyst I,116
Programmer Analyst II,117
Programmer Analyst III,118
Programmer Analyst IV,119
Programmer I,120
Programmer II,121
Programmer III,122
Programmer IV,123
Project Manager,124
Quality Control Specialist,125
Quality Engineer,126
Recruiter,127
Recruiting Manager,128
Registered Nurse,129
Research Assistant I,130
Research Assistant II,131
Research Assistant III,132
Research Assistant IV,133
Research Associate,134
Research Nurse,135
Safety Technician I,136
Safety Technician II,137
Safety Technician III,138
Safety Technician IV,139
Sales Associate,140
Sales Representative,141
Senior Cost Accountant,142
Senior Developer,143
Senior Editor,144
Senior Financial Analyst,145
Senior Quality Engineer,146
Senior Sales Associate,147
Social Worker,148
Software Consultant,149
Software Engineer I,150
Software Engineer II,151
Software Engineer IV,152
Software Test Engineer II,153
Software Test Engineer III,154
Software Test Engineer IV,155
Speech Pathologist,156
Staff Accountant I,157
Staff Accountant II,158
Staff Accountant III,159
Staff Accountant IV,160
Staff Scientist,161
Statistician I,162
Statistician II,163
Statistician IV,164
Structural Analysis Engineer,165
Structural Engineer,166
Systems Administrator I,167
Systems Administrator II,168
Systems Administrator III,169
Systems Administrator IV,170
Tax Accountant,171
Teacher,172
Technical Writer,173
VP Accounting,174
VP Marketing,175
VP Product Management,176
VP Quality Control,177
VP Sales,178
Web Designer I,179
Web Designer II,180
Web Designer III,181
Web Designer IV,182
Web Developer I,183
Web Developer II,184
Web Developer III,185
Web Developer IV,186
